t,segment,window_sec,rpm_avg_10s,cur_avg_10s,dpps_avg_10s,cpr_avg_10s,rpm_avg_all,cur_avg_all,dpps_avg_all,cpr_avg_all,n_all,duration_sec,data_ok
1772005600.1595755,stop,10.0,0.0,0.0,0.0,nan,0.0,0.0,0.0,nan,61,0.957033354999794,0
1772005601.1791635,stop,10.0,0.0,0.0,0.0,nan,0.0,0.0,0.0,nan,112,1.9764042859999336,0
1772005602.199102,stop,10.0,0.0,0.0,0.0,nan,0.0,0.0,0.0,nan,163,2.9960083379999105,0
1772005603.2191005,stop,10.0,0.0,0.0,0.0,nan,0.0,0.0,0.0,nan,214,4.015478270999893,0
1772005604.2384112,stop,10.0,0.0,0.0,0.0,nan,0.0,0.0,0.0,nan,265,5.034876838999935,0
1772005605.2579815,stop,10.0,0.0,0.0,0.0,nan,0.0,0.0,0.0,nan,316,6.05422263499986,0
1772005606.2774057,straight,10.0,182.30864197530866,-4.880246921821875,7055.781351084803,1765.454523651941,182.30864197530866,-4.880246921821875,7055.781351084803,1765.454523651941,27,0.519606524999972,0
1772005606.2779937,stop,10.0,0.08531746031746032,0.0,2.551730033290355,1150.0587917480716,0.08531746031746032,0.0,2.551730033290355,1150.0587917480716,336,6.453837614999884,0
1772005606.2781022,other,10.0,43.333333333333336,-0.7166666686534882,1381.421133683083,969.1290880170598,43.333333333333336,-0.7166666686534882,1381.421133683083,969.1290880170598,4,0.060041469999987385,0
1772005607.296715,straight,10.0,258.11538461538464,-5.43162393162393,15854.13702969896,2543.6652462227203,258.11538461538464,-5.43162393162393,15854.13702969896,2543.6652462227203,78,1.538986874000102,0
1772005607.2972338,stop,10.0,0.08531746031746032,0.0,2.551730033290355,1150.0587917480716,0.08531746031746032,0.0,2.551730033290355,1150.0587917480716,336,6.453837614999884,0
1772005607.2973754,other,10.0,43.333333333333336,-0.7166666686534882,1381.421133683083,969.1290880170598,43.333333333333336,-0.7166666686534882,1381.421133683083,969.1290880170598,4,0.060041469999987385,0
1772005608.3166406,straight,10.0,296.31007751937994,-5.320413461335249,20897.175559487132,2865.184992354255,296.31007751937994,-5.320413461335249,20897.175559487132,2865.184992354255,129,2.558418836000101,0
1772005608.3171513,stop,10.0,0.08531746031746032,0.0,2.551730033290355,1150.0587917480716,0.08531746031746032,0.0,2.551730033290355,1150.0587917480716,336,6.453837614999884,0
1772005608.317255,other,10.0,43.333333333333336,-0.7166666686534882,1381.421133683083,969.1290880170598,43.333333333333336,-0.7166666686534882,1381.421133683083,969.1290880170598,4,0.060041469999987385,0
1772005609.336778,straight,10.0,310.48747591522186,-5.070712912519082,18532.28889160407,2556.70116658723,310.48747591522186,-5.070712912519082,18532.28889160407,2556.70116658723,173,3.5783097470000484,0
1772005609.337307,stop,10.0,0.08531746031746032,0.0,2.551730033290355,1150.0587917480716,0.08531746031746032,0.0,2.551730033290355,1150.0587917480716,336,6.453837614999884,0
1772005609.3375204,other,10.0,244.8181818181818,-2.893939451737838,4947.629570031928,933.7304367766136,244.8181818181818,-2.893939451737838,4947.629570031928,933.7304367766136,11,3.338313572000061,0
1772005610.3559086,straight,10.0,325.4255952380954,-5.012500007769888,23361.986692731232,3036.3997774901068,325.4255952380954,-5.012500007769888,23361.986692731232,3036.3997774901068,224,4.597275644000092,0
1772005610.3564837,stop,10.0,0.08531746031746032,0.0,2.551730033290355,1150.0587917480716,0.08531746031746032,0.0,2.551730033290355,1150.0587917480716,336,6.453837614999884,0
1772005610.3566039,other,10.0,244.8181818181818,-2.893939451737838,4947.629570031928,933.7304367766136,244.8181818181818,-2.893939451737838,4947.629570031928,933.7304367766136,11,3.338313572000061,0
1772005611.3753986,straight,10.0,340.0581818181822,-5.074787884770013,23147.232373662326,2886.7073047066706,340.0581818181822,-5.074787884770013,23147.232373662326,2886.7073047066706,275,5.6169409440001346,0
1772005611.3759239,stop,10.0,0.08531746031746032,0.0,2.551730033290355,1150.0587917480716,0.08531746031746032,0.0,2.551730033290355,1150.0587917480716,336,6.453837614999884,0
1772005611.376042,other,10.0,244.8181818181818,-2.893939451737838,4947.629570031928,933.7304367766136,244.8181818181818,-2.893939451737838,4947.629570031928,933.7304367766136,11,3.338313572000061,0
1772005612.3945982,straight,10.0,354.8077709611454,-5.065950926461832,23966.515459405942,2902.8954726672605,354.8077709611454,-5.065950926461832,23966.515459405942,2902.8954726672605,326,6.636057236999932,0
1772005612.3951209,stop,10.0,0.08531746031746032,0.0,2.551730033290355,1150.0587917480716,0.08531746031746032,0.0,2.551730033290355,1150.0587917480716,336,6.453837614999884,0
1772005612.3952286,other,10.0,244.8181818181818,-2.893939451737838,4947.629570031928,933.7304367766136,244.8181818181818,-2.893939451737838,4947.629570031928,933.7304367766136,11,3.338313572000061,0
1772005613.4141862,straight,10.0,368.8045977011495,-5.111317432105906,25804.43183452553,2979.0703349458727,368.8045977011495,-5.111317432105906,25804.43183452553,2979.0703349458727,377,7.655518524999934,0
1772005613.4147277,stop,10.0,0.08531746031746032,0.0,2.551730033290355,1150.0587917480716,0.08531746031746032,0.0,2.551730033290355,1150.0587917480716,336,6.453837614999884,0
1772005613.4148479,other,10.0,244.8181818181818,-2.893939451737838,4947.629570031928,933.7304367766136,244.8181818181818,-2.893939451737838,4947.629570031928,933.7304367766136,11,3.338313572000061,0
1772005614.4343429,straight,10.0,380.01479750778844,-5.11690032658547,24391.46302660882,2795.03703516225,380.01479750778844,-5.11690032658547,24391.46302660882,2795.03703516225,428,8.675245574999963,0
1772005614.4348807,stop,10.0,0.08531746031746032,0.0,2.551730033290355,1150.0587917480716,0.08531746031746032,0.0,2.551730033290355,1150.0587917480716,336,6.453837614999884,0
1772005614.4349997,other,10.0,244.8181818181818,-2.893939451737838,4947.629570031928,933.7304367766136,244.8181818181818,-2.893939451737838,4947.629570031928,933.7304367766136,11,3.338313572000061,0
1772005615.4533954,straight,10.0,389.04105775922096,-5.100904678999752,27133.854095692477,3000.826177475475,389.04105775922096,-5.100904678999752,27133.854095692477,3000.826177475475,479,9.694544899999983,0
1772005615.453929,stop,10.0,0.08531746031746032,0.0,2.551730033290355,1150.0587917480716,0.08531746031746032,0.0,2.551730033290355,1150.0587917480716,336,6.453837614999884,0
1772005615.4540389,other,10.0,244.8181818181818,-2.893939451737838,4947.629570031928,933.7304367766136,244.8181818181818,-2.893939451737838,4947.629570031928,933.7304367766136,11,3.338313572000061,0
1772005616.4727838,straight,10.0,404.75371120108036,-5.056882614307556,28391.4854978061,3045.659964493064,390.90062893081796,-5.059433982882107,26914.985820537797,2946.8169261256785,530,10.713976064999997,0
1772005616.4733112,stop,10.0,0.08531746031746032,0.0,2.551730033290355,1150.0587917480716,0.08531746031746032,0.0,2.551730033290355,1150.0587917480716,336,6.453837614999884,0
1772005616.4734676,other,10.0,244.8181818181818,-2.893939451737838,4947.629570031928,933.7304367766136,244.8181818181818,-2.893939451737838,4947.629570031928,933.7304367766136,11,3.338313572000061,0
1772005617.472888,straight,10.0,403.86909581646495,-5.025371145703371,28386.29647026302,3059.666901267643,388.9968847352028,-5.042679148745311,26702.932675934546,2938.6733395524134,535,10.813983833000066,0
1772005617.4730687,stop,10.0,1.0387596899224807,-0.014728681985722032,-163.55145161862737,5270.688721777153,0.19349164467897975,-0.001671064183076642,-16.963124641661725,4093.365884625987,379,18.267867922999812,0
1772005617.4731855,other,10.0,299.33333333333337,-3.5370371076795797,5484.89450035132,1855.333642392237,220.56410256410257,-2.6692308187484746,4222.287310607247,1582.6553179691057,13,10.934358489000033,0
1772005618.492867,straight,10.0,403.86909581646495,-5.025371145703371,28386.29647026302,3059.666901267643,388.9968847352028,-5.042679148745311,26702.932675934546,2938.6733395524134,535,10.813983833000066,0
1772005618.4931104,stop,10.0,-1.3296703296703298,-0.006959706872374147,-185.14974768276375,2874.3993582909025,-0.2162373145979702,-0.0014832162187026871,-38.70632424729158,2644.487282751858,427,19.227103881999938,0
1772005618.4932318,other,10.0,215.41666666666666,-2.652777830759685,3667.440055775601,1878.8022459773963,172.39583333333331,-2.1687500402331357,3095.935325252471,1651.3839564873122,16,12.813834561000021,0
1772005619.5109317,straight,10.0,362.12916666666666,-4.218333358764647,26355.06168006282,2857.5301607980828,346.77051061388437,-4.470740122625489,24290.102924074232,2798.706347477816,581,13.752135618000011,0
1772005619.511172,stop,10.0,-1.3296703296703298,-0.006959706872374147,-185.14974768276375,2874.3993582909025,-0.2162373145979702,-0.0014832162187026871,-38.70632424729158,2644.487282751858,427,19.227103881999938,0
1772005619.5112975,other,10.0,134.68627450980398,-1.7549019981833072,1664.915929878522,1980.565472402476,117.2857142857143,-1.5571428877966744,1610.9169210793905,1787.9109229957303,21,12.91324414099995,0
1772005620.5305314,straight,10.0,281.1274999999997,-3.0680000197887454,18270.908421302054,2854.6193619815917,298.1687763713081,-3.7836498049115286,20218.619904820447,2921.7896747129307,632,14.771558831999982,0
1772005620.5307705,stop,10.0,-1.3296703296703298,-0.006959706872374147,-185.14974768276375,2874.3993582909025,-0.2162373145979702,-0.0014832162187026871,-38.70632424729158,2644.487282751858,427,19.227103881999938,0
1772005620.530898,other,10.0,134.68627450980398,-1.7549019981833072,1664.915929878522,1980.565472402476,117.2857142857143,-1.5571428877966744,1610.9169210793905,1787.9109229957303,21,12.91324414099995,0
1772005621.5502856,straight,10.0,179.1833333333333,-1.8124166750907889,12922.327284302859,2921.1995836361284,246.79746217667176,-3.1661298263939774,17026.92236989527,2886.8804996604204,683,15.791477637000071,0
1772005621.5505342,stop,10.0,-1.3296703296703298,-0.006959706872374147,-185.14974768276375,2874.3993582909025,-0.2162373145979702,-0.0014832162187026871,-38.70632424729158,2644.487282751858,427,19.227103881999938,0
1772005621.5506628,other,10.0,134.68627450980398,-1.7549019981833072,1664.915929878522,1980.565472402476,117.2857142857143,-1.5571428877966744,1610.9169210793905,1787.9109229957303,21,12.91324414099995,0
1772005622.5689495,straight,10.0,69.12166666666678,-0.6051666649182605,5490.610879821694,2784.8552931208774,200.11035422343343,-2.6403269775881704,14131.100487890268,2862.5209936355564,734,16.810196830999985,0
1772005622.5691829,stop,10.0,-1.3296703296703298,-0.006959706872374147,-185.14974768276375,2874.3993582909025,-0.2162373145979702,-0.0014832162187026871,-38.70632424729158,2644.487282751858,427,19.227103881999938,0
1772005622.5693064,other,10.0,134.68627450980398,-1.7549019981833072,1664.915929878522,1980.565472402476,117.2857142857143,-1.5571428877966744,1610.9169210793905,1787.9109229957303,21,12.91324414099995,0
1772005623.5885558,straight,10.0,-43.700833333333286,0.5895833476384467,-3501.4856345764106,2866.6295777659047,159.59065817409783,-2.211082800836819,10837.454183938069,2911.9972191593124,785,17.8298008700001,0
1772005623.5887883,stop,10.0,-1.3296703296703298,-0.006959706872374147,-185.14974768276375,2874.3993582909025,-0.2162373145979702,-0.0014832162187026871,-38.70632424729158,2644.487282751858,427,19.227103881999938,0
1772005623.5889132,other,10.0,134.68627450980398,-1.7549019981833072,1664.915929878522,1980.565472402476,117.2857142857143,-1.5571428877966744,1610.9169210793905,1787.9109229957303,21,12.91324414099995,0
1772005624.6077125,straight,10.0,-158.9225000000001,1.818916699290275,-7794.200586690062,2787.4737565851906,122.94657097288692,-1.7985247136398093,9321.319351295042,2825.3210658569283,836,18.84897696200005,0
1772005624.6079476,stop,10.0,-1.3296703296703298,-0.006959706872374147,-185.14974768276375,2874.3993582909025,-0.2162373145979702,-0.0014832162187026871,-38.70632424729158,2644.487282751858,427,19.227103881999938,0
1772005624.6080704,other,10.0,134.68627450980398,-1.7549019981833072,1664.915929878522,1980.565472402476,117.2857142857143,-1.5571428877966744,1610.9169210793905,1787.9109229957303,21,12.91324414099995,0
1772005625.627712,straight,10.0,-273.94666666666694,3.058750044405457,-19516.220374351553,2810.6971814180056,90.81999248402863,-1.4226606436037306,6183.063151619969,2916.6004214715185,887,19.86850521700012,0
1772005625.627998,stop,10.0,-1.3296703296703298,-0.006959706872374147,-185.14974768276375,2874.3993582909025,-0.2162373145979702,-0.0014832162187026871,-38.70632424729158,2644.487282751858,427,19.227103881999938,0
1772005625.6281261,other,10.0,134.68627450980398,-1.7549019981833072,1664.915929878522,1980.565472402476,117.2857142857143,-1.5571428877966744,1610.9169210793905,1787.9109229957303,21,12.91324414099995,0
1772005626.6465697,straight,10.0,-368.30272952853596,4.12564108281021,-25014.929022244294,2844.8457533283017,63.63255152807397,-1.1036247209021541,4482.998492175422,2898.361487475312,938,20.887834552999948,1
1772005626.6468124,stop,10.0,-1.3296703296703298,-0.006959706872374147,-185.14974768276375,2874.3993582909025,-0.2162373145979702,-0.0014832162187026871,-38.70632424729158,2644.487282751858,427,19.227103881999938,0
1772005626.6469424,other,10.0,134.68627450980398,-1.7549019981833072,1664.915929878522,1980.565472402476,117.2857142857143,-1.5571428877966744,1610.9169210793905,1787.9109229957303,21,12.91324414099995,0
1772005627.6664004,straight,10.0,-371.3443465491923,4.192290808048191,-24955.21656981379,2832.7940914308533,39.96258847320531,-0.8033703920372668,2989.2827693928566,2890.0695188777977,989,21.907605237000098,1
1772005627.6666458,stop,10.0,-1.3296703296703298,-0.006959706872374147,-185.14974768276375,2874.3993582909025,-0.2162373145979702,-0.0014832162187026871,-38.70632424729158,2644.487282751858,427,19.227103881999938,0
1772005627.6667721,other,10.0,134.68627450980398,-1.7549019981833072,1664.915929878522,1980.565472402476,117.2857142857143,-1.5571428877966744,1610.9169210793905,1787.9109229957303,21,12.91324414099995,0
1772005628.6856883,straight,10.0,-376.5622089155023,4.260079898678771,-26203.560032161105,2937.706369258265,18.335576923076978,-0.5380128032121839,1098.06060569965,2934.235525253963,1040,22.926860804999933,1
1772005628.6859343,stop,10.0,-1.3296703296703298,-0.006959706872374147,-185.14974768276375,2874.3993582909025,-0.2162373145979702,-0.0014832162187026871,-38.70632424729158,2644.487282751858,427,19.227103881999938,0
1772005628.686063,other,10.0,134.68627450980398,-1.7549019981833072,1664.915929878522,1980.565472402476,117.2857142857143,-1.5571428877966744,1610.9169210793905,1787.9109229957303,21,12.91324414099995,0
1772005629.7049394,straight,10.0,-399.53226879574197,4.451829739752723,-26869.177680584457,2904.552869366261,-0.44179651695686173,-0.3084020577109274,433.56715546513874,2865.5956339560644,1091,23.94609828900002,1
1772005629.705185,stop,10.0,-1.3296703296703298,-0.006959706872374147,-185.14974768276375,2874.3993582909025,-0.2162373145979702,-0.0014832162187026871,-38.70632424729158,2644.487282751858,427,19.227103881999938,0
1772005629.7053149,other,10.0,134.68627450980398,-1.7549019981833072,1664.915929878522,1980.565472402476,117.2857142857143,-1.5571428877966744,1610.9169210793905,1787.9109229957303,21,12.91324414099995,0
1772005630.7249985,straight,10.0,-407.41583499667365,4.546307456707524,-27730.498010136136,2950.017538447452,-16.337127845884353,-0.06561585528350297,-1188.891761991943,2936.954933736126,1142,24.966183240999953,1
1772005630.7252398,stop,10.0,-1.3296703296703298,-0.006959706872374147,-185.14974768276375,2874.3993582909025,-0.2162373145979702,-0.0014832162187026871,-38.70632424729158,2644.487282751858,427,19.227103881999938,0
1772005630.7253911,other,10.0,134.68627450980398,-1.7549019981833072,1664.915929878522,1980.565472402476,117.2857142857143,-1.5571428877966744,1610.9169210793905,1787.9109229957303,21,12.91324414099995,0
1772005631.7441874,straight,10.0,-404.3546240851635,4.523419896047747,-27824.7468251098,2999.990623390298,-23.671799258625533,0.03270604078811735,-1753.1410910119257,2948.6604444332543,1169,25.505579476000094,1
1772005631.7443292,stop,10.0,-6.636363636363632,0.0606060606060606,-1075.345894513076,17252.082772099817,-0.5308092056421675,0.0015590200622433985,-91.01382549923487,7292.358574817118,449,32.539072885999985,1
1772005631.7444189,other,10.0,-96.16666666666667,0.3333333333333333,-6212.388490031533,6945.063581282593,98.72463768115944,-1.3927536511766736,930.6294940262668,2236.358980238066,23,25.626051092000125,1
1772005632.763726,straight,10.0,-397.28749028749047,4.5052836733264545,-27847.087142361514,3071.282587773348,-23.37002275312848,0.028242344945776685,-1721.5003385343975,2952.7380410782457,1172,27.004775666000114,1
1772005632.7639058,stop,10.0,-1.3049645390070879,0.028368794326241134,-443.2114463861572,11323.042880953435,-0.32419127988748186,0.0014767932657115735,-79.94654277337989,6316.183881990986,474,33.03910529599989,1
1772005632.7640314,other,10.0,54.90666666666665,-0.7626666720708211,4768.325797041658,4394.090154706626,83.3840579710145,-1.125362335771754,3326.900005841492,3204.3126793603487,46,27.024565618999986,1
1772005633.7828977,straight,10.0,-325.9238539238545,3.730769293106335,-22376.113604839233,3129.004043085465,-15.122376669392132,-0.07688741165403871,-1042.140451835389,2983.7705977165906,1223,28.02401892900002,1
1772005633.7830732,stop,10.0,-1.3049645390070879,0.028368794326241134,-443.2114463861572,11323.042880953435,-0.32419127988748186,0.0014767932657115735,-79.94654277337989,6316.183881990986,474,33.03910529599989,1
1772005633.7831995,other,10.0,54.90666666666665,-0.7626666720708211,4768.325797041658,4394.090154706626,83.3840579710145,-1.125362335771754,3326.900005841492,3204.3126793603487,46,27.024565618999986,1
1772005634.8026495,straight,10.0,-248.73970473970448,2.868065315804562,-18099.901178854565,3336.392137399751,-6.246991104133892,-0.1862113866613846,-272.4173302966828,3012.117256811938,1274,29.043744436999987,1
1772005634.8028224,stop,10.0,-1.3049645390070879,0.028368794326241134,-443.2114463861572,11323.042880953435,-0.32419127988748186,0.0014767932657115735,-79.94654277337989,6316.183881990986,474,33.03910529599989,1
1772005634.8029466,other,10.0,54.90666666666665,-0.7626666720708211,4768.325797041658,4394.090154706626,83.3840579710145,-1.125362335771754,3326.900005841492,3204.3126793603487,46,27.024565618999986,1
1772005635.8220553,straight,10.0,-171.38772338772344,1.9283605632433716,-10944.227384435315,3185.8035887724177,2.239496855345977,-0.29597482420363014,320.50572187955373,3008.53167889566,1325,30.063164496000127,1
1772005635.8222294,stop,10.0,-1.3049645390070879,0.028368794326241134,-443.2114463861572,11323.042880953435,-0.32419127988748186,0.0014767932657115735,-79.94654277337989,6316.183881990986,474,33.03910529599989,1
1772005635.822355,other,10.0,54.90666666666665,-0.7626666720708211,4768.325797041658,4394.090154706626,83.3840579710145,-1.125362335771754,3326.900005841492,3204.3126793603487,46,27.024565618999986,1
1772005636.8412678,straight,10.0,-92.14918414918381,0.9529137779967947,-7133.575479478697,3155.39104937898,11.99685077519386,-0.42172963403222635,754.7910267477953,2967.242236317293,1376,31.082329698999956,1
1772005636.8414695,stop,10.0,-1.3049645390070879,0.028368794326241134,-443.2114463861572,11323.042880953435,-0.32419127988748186,0.0014767932657115735,-79.94654277337989,6316.183881990986,474,33.03910529599989,1
1772005636.8415918,other,10.0,54.90666666666665,-0.7626666720708211,4768.325797041658,4394.090154706626,83.3840579710145,-1.125362335771754,3326.900005841492,3204.3126793603487,46,27.024565618999986,1
1772005637.86059,straight,10.0,-4.314685314685282,-0.09735818435354929,501.81290047885415,3243.7227060109585,23.657556645643613,-0.5505489218711143,1935.1687382289942,3004.92161229811,1427,32.10170658300012,1
1772005637.8607578,stop,10.0,-1.3049645390070879,0.028368794326241134,-443.2114463861572,11323.042880953435,-0.32419127988748186,0.0014767932657115735,-79.94654277337989,6316.183881990986,474,33.03910529599989,1
1772005637.8608782,other,10.0,54.90666666666665,-0.7626666720708211,4768.325797041658,4394.090154706626,83.3840579710145,-1.125362335771754,3326.900005841492,3204.3126793603487,46,27.024565618999986,1
1772005638.8797662,straight,10.0,84.10800310800298,-1.109013202770237,6250.517762887633,3066.5061840703042,35.04307622913855,-0.6714929943693354,2459.3629418649593,2968.626442134867,1478,33.12081715399995,1
1772005638.8799398,stop,10.0,-1.3049645390070879,0.028368794326241134,-443.2114463861572,11323.042880953435,-0.32419127988748186,0.0014767932657115735,-79.94654277337989,6316.183881990986,474,33.03910529599989,1
1772005638.880063,other,10.0,54.90666666666665,-0.7626666720708211,4768.325797041658,4394.090154706626,83.3840579710145,-1.125362335771754,3326.900005841492,3204.3126793603487,46,27.024565618999986,1
1772005639.8798475,straight,10.0,167.02253302253305,-2.14926186252585,10814.326282491142,3269.092440499441,44.5780977312392,-0.7991710186888777,3229.202667892678,2982.6237962444584,1528,34.12089452800001,1
1772005639.8800216,stop,10.0,-1.3049645390070879,0.028368794326241134,-443.2114463861572,11323.042880953435,-0.32419127988748186,0.0014767932657115735,-79.94654277337989,6316.183881990986,474,33.03910529599989,1
1772005639.8801484,other,10.0,54.90666666666665,-0.7626666720708211,4768.325797041658,4394.090154706626,83.3840579710145,-1.125362335771754,3326.900005841492,3204.3126793603487,46,27.024565618999986,1
1772005640.8989067,straight,10.0,248.7474747474743,-3.3349650571211082,18213.581256704587,3104.7160393912313,53.894447962845724,-0.9304411964676172,3933.8088634134842,2984.383759994151,1579,35.13993446800009,1
1772005640.8990815,stop,10.0,-1.3049645390070879,0.028368794326241134,-443.2114463861572,11323.042880953435,-0.32419127988748186,0.0014767932657115735,-79.94654277337989,6316.183881990986,474,33.03910529599989,1
1772005640.8992074,other,10.0,54.90666666666665,-0.7626666720708211,4768.325797041658,4394.090154706626,83.3840579710145,-1.125362335771754,3326.900005841492,3204.3126793603487,46,27.024565618999986,1
1772005641.9186618,straight,10.0,282.60737527114924,-3.8003615574481593,19202.557586982362,2913.8666241030296,62.95071574642132,-1.0513701327007927,4173.593320371728,2938.81998359139,1630,36.15971771399995,1
1772005641.9188352,stop,10.0,-1.3049645390070879,0.028368794326241134,-443.2114463861572,11323.042880953435,-0.32419127988748186,0.0014767932657115735,-79.94654277337989,6316.183881990986,474,33.03910529599989,1
1772005641.9189553,other,10.0,54.90666666666665,-0.7626666720708211,4768.325797041658,4394.090154706626,83.3840579710145,-1.125362335771754,3326.900005841492,3204.3126793603487,46,27.024565618999986,1
1772005642.9377036,straight,10.0,293.1590153027278,-3.966666690127815,21032.53611116293,3004.102933004092,71.66805472932778,-1.171564535207742,5128.523976553798,2974.2483889011296,1681,37.17868820600006,1
1772005642.937882,stop,10.0,-1.3049645390070879,0.028368794326241134,-443.2114463861572,11323.042880953435,-0.32419127988748186,0.0014767932657115735,-79.94654277337989,6316.183881990986,474,33.03910529599989,1
1772005642.9380076,other,10.0,54.90666666666665,-0.7626666720708211,4768.325797041658,4394.090154706626,83.3840579710145,-1.125362335771754,3326.900005841492,3204.3126793603487,46,27.024565618999986,1
1772005643.9576232,straight,10.0,312.32934131736505,-4.270192973469385,21450.587746873804,2857.8238113229727,80.3496920708237,-1.296939944812566,5505.949074086591,2945.6915234781386,1732,38.19854699899997,1
1772005643.957796,stop,10.0,-1.3049645390070879,0.028368794326241134,-443.2114463861572,11323.042880953435,-0.32419127988748186,0.0014767932657115735,-79.94654277337989,6316.183881990986,474,33.03910529599989,1
1772005643.95792,other,10.0,54.90666666666665,-0.7626666720708211,4768.325797041658,4394.090154706626,83.3840579710145,-1.125362335771754,3326.900005841492,3204.3126793603487,46,27.024565618999986,1
1772005644.9765434,straight,10.0,331.8043912175646,-4.492548261177355,22626.39808055916,2794.794636820991,89.54514862591144,-1.405758077685106,6235.903718413569,2954.527613122329,1783,39.21748625200007,1
1772005644.9767156,stop,10.0,-1.3049645390070879,0.028368794326241134,-443.2114463861572,11323.042880953435,-0.32419127988748186,0.0014767932657115735,-79.94654277337989,6316.183881990986,474,33.03910529599989,1
1772005644.9768422,other,10.0,54.90666666666665,-0.7626666720708211,4768.325797041658,4394.090154706626,83.3840579710145,-1.125362335771754,3326.900005841492,3204.3126793603487,46,27.024565618999986,1
1772005645.9960318,straight,10.0,352.88556220891564,-4.670326036686743,24539.12963039725,2843.3672765471333,99.04180298073432,-1.5057070083463855,6980.166143031994,2957.9288734273027,1834,40.2370179290001,1
1772005645.996207,stop,10.0,-1.3049645390070879,0.028368794326241134,-443.2114463861572,11323.042880953435,-0.32419127988748186,0.0014767932657115735,-79.94654277337989,6316.183881990986,474,33.03910529599989,1
1772005645.9963338,other,10.0,54.90666666666665,-0.7626666720708211,4768.325797041658,4394.090154706626,83.3840579710145,-1.125362335771754,3326.900005841492,3204.3126793603487,46,27.024565618999986,1
1772005647.0155575,straight,10.0,356.3885562208915,-4.677378598325498,24747.027214993814,2868.9127227491254,101.02774774774775,-1.519423416627415,7030.331801330003,2949.786269953973,1850,40.55698026899995,1
1772005647.0157127,stop,10.0,6.913978494623653,-0.038709676393898586,134.76030582243794,1340.8159103994913,0.1201320132013206,-0.0009900989312149908,-66.41826572770844,5145.509065145929,505,47.7703604039998,1
1772005647.015803,other,10.0,30.5,-0.14999999602635702,-860.6435996301,3259.355021669327,79.15333333333334,-1.0473333485921221,2991.896517403765,3208.7160667450676,50,41.33651910200001,1
1772005648.0347114,straight,10.0,303.35627240143333,-3.982293925490433,19645.06519793791,2896.012691291153,93.54912280701753,-1.405929817944238,6369.210319406418,2977.502150089266,1900,42.27553710300003,1
1772005648.0348697,stop,10.0,6.913978494623653,-0.038709676393898586,134.76030582243794,1340.8159103994913,0.1201320132013206,-0.0009900989312149908,-66.41826572770844,5145.509065145929,505,47.7703604039998,1
1772005648.0349662,other,10.0,13.533333333333331,0.08000000317891438,-1080.948677593774,3074.0811516060044,76.5359477124183,-1.007189557443257,2894.757978053721,3191.5448825216877,51,41.35690470600002,1
1772005649.054217,straight,10.0,232.53548387096745,-3.0869534180583087,16484.960709693747,2944.2036567337527,83.32342388518705,-1.2613360595035035,5818.625281959193,2953.864419652784,1951,43.29523946099994,1
1772005649.0543723,stop,10.0,6.913978494623653,-0.038709676393898586,134.76030582243794,1340.8159103994913,0.1201320132013206,-0.0009900989312149908,-66.41826572770844,5145.509065145929,505,47.7703604039998,1
1772005649.054465,other,10.0,13.533333333333331,0.08000000317891438,-1080.948677593774,3074.0811516060044,76.5359477124183,-1.007189557443257,2894.757978053721,3191.5448825216877,51,41.35690470600002,1
1772005650.073689,straight,10.0,156.90250896057336,-2.101648746425536,10182.226812422825,2868.058602777544,71.90509490509493,-1.1202297618378767,4969.9522499979,2960.2824419507538,2002,44.31454184099994,1
1772005650.07385,stop,10.0,6.913978494623653,-0.038709676393898586,134.76030582243794,1340.8159103994913,0.1201320132013206,-0.0009900989312149908,-66.41826572770844,5145.509065145929,505,47.7703604039998,1
1772005650.0739467,other,10.0,13.533333333333331,0.08000000317891438,-1080.948677593774,3074.0811516060044,76.5359477124183,-1.007189557443257,2894.757978053721,3191.5448825216877,51,41.35690470600002,1
1772005651.0928047,straight,10.0,112.83942652329758,-1.5524731128446527,6488.103344586755,2897.2980259848932,65.55571967831938,-1.0470211622692644,4422.518670558584,2969.0598404471257,2031,44.89394737900011,1
1772005651.0929594,stop,10.0,6.913978494623653,-0.038709676393898586,134.76030582243794,1340.8159103994913,0.1201320132013206,-0.0009900989312149908,-66.41826572770844,5145.509065145929,505,47.7703604039998,1
1772005651.093083,other,10.0,-275.7654320987654,3.795061814932175,-23122.159091247115,2678.5787783376063,-49.452054794520556,0.6945205692831241,-6455.628701300868,3009.86315432454,73,45.41374770000016,1
1772005652.1125169,straight,10.0,25.4527588813304,-0.32161752364893287,2973.863722036066,2856.917625399307,56.2711538461538,-0.9120031939676123,4095.5341073163327,2930.8841065631655,2080,46.353558566999936,1
1772005652.1126757,stop,10.0,6.913978494623653,-0.038709676393898586,134.76030582243794,1340.8159103994913,0.1201320132013206,-0.0009900989312149908,-66.41826572770844,5145.509065145929,505,47.7703604039998,1
1772005652.1128075,other,10.0,-279.06896551724134,3.8425288227782852,-22880.34349478545,2634.254364842301,-56.76444444444445,0.7955555788675945,-6806.567481067591,2983.8901310800375,75,45.454735518999996,1
1772005653.131517,straight,10.0,-58.10657596371891,0.8504913305569508,-5254.432583284799,2927.867292866238,45.93414672297819,-0.7696699390347181,3061.910957231377,2964.418524202389,2131,47.37250982599994,1
1772005653.1316736,stop,10.0,6.913978494623653,-0.038709676393898586,134.76030582243794,1340.8159103994913,0.1201320132013206,-0.0009900989312149908,-66.41826572770844,5145.509065145929,505,47.7703604039998,1
1772005653.1318083,other,10.0,-279.06896551724134,3.8425288227782852,-22880.34349478545,2634.254364842301,-56.76444444444445,0.7955555788675945,-6806.567481067591,2983.8901310800375,75,45.454735518999996,1
1772005654.1513035,straight,10.0,-147.94179894179902,2.0111867365112643,-9369.203683886222,2982.927598636077,35.48762603116402,-0.6450656741866582,2504.118575419866,2943.9770927224768,2182,48.392252650000046,1
1772005654.1514537,stop,10.0,6.913978494623653,-0.038709676393898586,134.76030582243794,1340.8159103994913,0.1201320132013206,-0.0009900989312149908,-66.41826572770844,5145.509065145929,505,47.7703604039998,1
1772005654.1515849,other,10.0,-279.06896551724134,3.8425288227782852,-22880.34349478545,2634.254364842301,-56.76444444444445,0.7955555788675945,-6806.567481067591,2983.8901310800375,75,45.454735518999996,1
1772005655.1706994,straight,10.0,-244.4399092970519,3.1415722325095063,-17447.631063975437,2906.5930075272145,24.9474548440065,-0.5240035669752675,1700.9291588059964,2948.9550307189024,2233,49.41161863100001,1
1772005655.170856,stop,10.0,6.913978494623653,-0.038709676393898586,134.76030582243794,1340.8159103994913,0.1201320132013206,-0.0009900989312149908,-66.41826572770844,5145.509065145929,505,47.7703604039998,1
1772005655.1709888,other,10.0,-279.06896551724134,3.8425288227782852,-22880.34349478545,2634.254364842301,-56.76444444444445,0.7955555788675945,-6806.567481067591,2983.8901310800375,75,45.454735518999996,1
1772005656.1900666,straight,10.0,-346.6991685563117,4.250189020700377,-24923.10153846648,2956.0039386255216,14.167542323409155,-0.4051225755170105,862.7062844639537,2953.2698512405786,2284,50.43103600299992,1
1772005656.1902225,stop,10.0,6.913978494623653,-0.038709676393898586,134.76030582243794,1340.8159103994913,0.1201320132013206,-0.0009900989312149908,-66.41826572770844,5145.509065145929,505,47.7703604039998,1
1772005656.1903532,other,10.0,-279.06896551724134,3.8425288227782852,-22880.34349478545,2634.254364842301,-56.76444444444445,0.7955555788675945,-6806.567481067591,2983.8901310800375,75,45.454735518999996,1
1772005657.2096615,straight,10.0,-367.77288609364126,4.376799500213483,-24422.16098303433,2783.179091194042,4.455817273376094,-0.3032976270487738,532.9081186181683,2919.892584986688,2335,51.45059084600007,1
1772005657.2098222,stop,10.0,6.913978494623653,-0.038709676393898586,134.76030582243794,1340.8159103994913,0.1201320132013206,-0.0009900989312149908,-66.41826572770844,5145.509065145929,505,47.7703604039998,1
1772005657.2099562,other,10.0,-279.06896551724134,3.8425288227782852,-22880.34349478545,2634.254364842301,-56.76444444444445,0.7955555788675945,-6806.567481067591,2983.8901310800375,75,45.454735518999996,1
1772005658.2286263,straight,10.0,-352.73757309941533,4.059283684655939,-22692.125051413568,2772.9210962717207,6.168992248061952,-0.33131781277982064,670.8194725547278,2937.919139334392,2365,52.46954644200014,1
1772005658.2287583,stop,10.0,-3.3333333333333344,0.0,-854.1063378278753,3062.914929382882,0.02051282051282097,-0.0009615383851222506,-89.72264655907435,4672.192216108871,520,58.44407996899986,1
1772005658.2288868,other,10.0,-272.3444444444445,3.6911111950874327,-22451.229847915656,2824.4765935386745,-52.67901234567901,0.7329218323829244,-6492.644920453455,3055.5936643798314,81,52.05043338099995,1
1772005659.248478,straight,10.0,-289.46710526315843,3.1815058964560596,-19779.830534405573,2826.4240200353365,11.325883002207451,-0.40136587881291486,938.3368700613368,2921.896873792634,2416,53.48936208400005,1
1772005659.248608,stop,10.0,-3.3333333333333344,0.0,-854.1063378278753,3062.914929382882,0.02051282051282097,-0.0009615383851222506,-89.72264655907435,4672.192216108871,520,58.44407996899986,1
1772005659.2487316,other,10.0,-272.3444444444445,3.6911111950874327,-22451.229847915656,2824.4765935386745,-52.67901234567901,0.7329218323829244,-6492.644920453455,3055.5936643798314,81,52.05043338099995,1
1772005660.2681172,straight,10.0,-209.39108187134454,2.2437134975055475,-13218.68009846751,2744.8890672634257,18.22118632617208,-0.47869205286399014,1447.7663048325087,2924.2255709508927,2467,54.50905733600007,1
1772005660.268253,stop,10.0,-3.3333333333333344,0.0,-854.1063378278753,3062.914929382882,0.02051282051282097,-0.0009615383851222506,-89.72264655907435,4672.192216108871,520,58.44407996899986,1
1772005660.2683825,other,10.0,-272.3444444444445,3.6911111950874327,-22451.229847915656,2824.4765935386745,-52.67901234567901,0.7329218323829244,-6492.644920453455,3055.5936643798314,81,52.05043338099995,1
1772005661.2872596,straight,10.0,-133.73402777777713,1.4413194802072318,-7407.506017384769,2779.053819695939,26.471803018268403,-0.5543817695972898,2105.8236097867557,2930.3721739189814,2518,55.52816950300007,1
1772005661.287395,stop,10.0,-3.3333333333333344,0.0,-854.1063378278753,3062.914929382882,0.02051282051282097,-0.0009615383851222506,-89.72264655907435,4672.192216108871,520,58.44407996899986,1
1772005661.2875223,other,10.0,-272.3444444444445,3.6911111950874327,-22451.229847915656,2824.4765935386745,-52.67901234567901,0.7329218323829244,-6492.644920453455,3055.5936643798314,81,52.05043338099995,1
1772005662.307078,straight,10.0,-49.97847222222182,0.45125002529886515,-4620.854958259468,2714.1950929104805,34.918775139483564,-0.6371220826360174,2293.613717282264,2897.327989184082,2569,56.54798577600013,1
1772005662.3072197,stop,10.0,-3.3333333333333344,0.0,-854.1063378278753,3062.914929382882,0.02051282051282097,-0.0009615383851222506,-89.72264655907435,4672.192216108871,520,58.44407996899986,1
1772005662.3073514,other,10.0,-272.3444444444445,3.6911111950874327,-22451.229847915656,2824.4765935386745,-52.67901234567901,0.7329218323829244,-6492.644920453455,3055.5936643798314,81,52.05043338099995,1
1772005663.3257737,straight,10.0,41.35555555555573,-0.5811110953489941,4631.110351015231,2742.3721335649616,43.569847328244265,-0.714720088395146,3238.9607968264936,2923.6137221969348,2620,57.56665709599997,1
1772005663.3259096,stop,10.0,-3.3333333333333344,0.0,-854.1063378278753,3062.914929382882,0.02051282051282097,-0.0009615383851222506,-89.72264655907435,4672.192216108871,520,58.44407996899986,1
1772005663.3260396,other,10.0,-272.3444444444445,3.6911111950874327,-22451.229847915656,2824.4765935386745,-52.67901234567901,0.7329218323829244,-6492.644920453455,3055.5936643798314,81,52.05043338099995,1
1772005664.345992,straight,10.0,133.54652777777764,-1.5867361126674557,9116.725590424245,2791.0455386165513,51.66966179957568,-0.7965056663087307,3656.7396146801716,2909.4482678894833,2671,58.586856890000035,1
1772005664.3461254,stop,10.0,-3.3333333333333344,0.0,-854.1063378278753,3062.914929382882,0.02051282051282097,-0.0009615383851222506,-89.72264655907435,4672.192216108871,520,58.44407996899986,1
1772005664.3462577,other,10.0,-272.3444444444445,3.6911111950874327,-22451.229847915656,2824.4765935386745,-52.67901234567901,0.7329218323829244,-6492.644920453455,3055.5936643798314,81,52.05043338099995,1
1772005665.3649476,straight,10.0,195.74861111111102,-2.288888895842765,12945.26322440969,2691.587900205737,56.67837338262473,-0.8521626501706191,3850.606640482115,2898.9129563040806,2705,59.26563929600002,1
1772005665.3650799,stop,10.0,-3.3333333333333344,0.0,-854.1063378278753,3062.914929382882,0.02051282051282097,-0.0009615383851222506,-89.72264655907435,4672.192216108871,520,58.44407996899986,1
1772005665.3651955,other,10.0,327.0579710144928,-2.601449273634648,30472.027806903006,4597.3642553108475,33.316326530612244,-0.0017006620257889267,1942.4905967214254,3362.5626296240034,98,59.68591111900014,1
1772005666.3842177,straight,10.0,274.72259013980863,-3.115746884507412,19603.75936735703,2637.0789917989514,59.516330275229315,-0.8780550340774911,4098.556437498634,2903.2528728658954,2725,60.20542015299998,1
1772005666.3843489,stop,10.0,-3.3333333333333344,0.0,-854.1063378278753,3062.914929382882,0.02051282051282097,-0.0009615383851222506,-89.72264655907435,4672.192216108871,520,58.44407996899986,1
1772005666.3845105,other,10.0,392.2839506172841,-3.3228395187560418,29598.603036441662,3752.055964402375,131.20930232558138,-0.9284237643236954,8432.806223936283,3305.4479217731114,129,60.705190442,1
1772005667.403913,straight,10.0,398.4878253568428,-4.386733857150046,25611.29544880946,2688.7972264039354,61.24735111435874,-0.8934599806774274,4127.442635257787,2895.0224410112905,2737,61.644684552999934,1
1772005667.404041,stop,10.0,-3.3333333333333344,0.0,-854.1063378278753,3062.914929382882,0.02051282051282097,-0.0009615383851222506,-89.72264655907435,4672.192216108871,520,58.44407996899986,1
1772005667.404264,other,10.0,415.41577060931934,-3.608602140966707,23069.449262356862,2767.5725082263925,204.6210317460318,-1.642460301754967,9731.941787613803,2864.142875571771,168,61.60493386400003,1
1772005668.4234521,straight,10.0,421.49677938808316,-4.5178744128744786,28984.32602881541,2838.915535876222,68.61370157819219,-0.9633070186728288,4932.179770712501,2923.524174377353,2788,62.66447431200004,1
1772005668.423587,stop,10.0,-3.3333333333333344,0.0,-854.1063378278753,3062.914929382882,0.02051282051282097,-0.0009615383851222506,-89.72264655907435,4672.192216108871,520,58.44407996899986,1
1772005668.4238155,other,10.0,415.41577060931934,-3.608602140966707,23069.449262356862,2767.5725082263925,204.6210317460318,-1.642460301754967,9731.941787613803,2864.142875571771,168,61.60493386400003,1
1772005669.4424255,straight,10.0,450.5128824476646,-4.685024164341114,30955.2197502481,2891.9253685389444,76.30668075613471,-1.0380885174286443,5336.162281386285,2911.398473639892,2839,63.68341243500004,1
1772005669.4425573,stop,10.0,-3.3333333333333344,0.0,-854.1063378278753,3062.914929382882,0.02051282051282097,-0.0009615383851222506,-89.72264655907435,4672.192216108871,520,58.44407996899986,1
1772005669.442785,other,10.0,415.41577060931934,-3.608602140966707,23069.449262356862,2767.5725082263925,204.6210317460318,-1.642460301754967,9731.941787613803,2864.142875571771,168,61.60493386400003,1
1772005670.4619403,straight,10.0,454.6503856041129,-4.647386478785275,29113.17078807856,2701.678282238535,78.68807446189638,-1.05623035532156,5327.982106522135,2897.5684294952957,2865,64.70296775199995,1
1772005670.462075,stop,10.0,2.684210526315789,-0.01578947326593232,100.73405251758713,43709.926573091245,0.11440940012368632,-0.0014842299671916223,-82.84303195364362,9356.720338946756,539,71.11690795999993,1
1772005670.462299,other,10.0,413.992831541219,-3.615412176723547,22969.2490702692,2680.150322345591,196.74904214559393,-1.5911877242084669,9254.229453898308,2854.925671223601,174,64.74333432499998,1
1772005671.481193,straight,10.0,347.54755784061757,-3.529648676629541,21179.68985642622,2754.6794486262884,70.54298125285774,-0.9625285658244369,4708.059753433024,2903.9759692182256,2916,65.7222609160001,1
1772005671.4813259,stop,10.0,2.684210526315789,-0.01578947326593232,100.73405251758713,43709.926573091245,0.11440940012368632,-0.0014842299671916223,-82.84303195364362,9356.720338946756,539,71.11690795999993,1
1772005671.48159,other,10.0,413.992831541219,-3.615412176723547,22969.2490702692,2680.150322345591,196.74904214559393,-1.5911877242084669,9254.229453898308,2854.925671223601,174,64.74333432499998,1
1772005672.501067,straight,10.0,227.95886889460155,-2.305569834247445,16880.270685059266,2686.8039142245816,61.632063813054685,-0.8689360619528769,4384.496241853185,2875.9379353143,2967,66.74212464800007,1
1772005672.501201,stop,10.0,2.684210526315789,-0.01578947326593232,100.73405251758713,43709.926573091245,0.11440940012368632,-0.0014842299671916223,-82.84303195364362,9356.720338946756,539,71.11690795999993,1
1772005672.5014586,other,10.0,413.992831541219,-3.615412176723547,22969.2490702692,2680.150322345591,196.74904214559393,-1.5911877242084669,9254.229453898308,2854.925671223601,174,64.74333432499998,1
1772005673.520212,straight,10.0,116.98628963153377,-1.2453298911950288,5844.574093614751,2726.4232118429513,54.00652077807248,-0.7924182005391271,3647.693682678572,2898.4100622853166,3016,67.72077006099994,1
1772005673.520349,stop,10.0,-1.333333333333334,-0.014999999602635702,-420.5932563639932,38033.00366293063,-0.029629629629629155,-0.0014814813931783044,-102.27940594446027,9251.127120574602,540,74.31499506099999,1
1772005673.5205758,other,10.0,408.7624113475181,-3.576950345056275,22654.906121998916,2722.6283659490764,195.18095238095245,-1.5820952229272758,9163.753925206674,2876.7437326513136,175,67.82116766000013,1
1772005674.5394928,straight,10.0,81.55253623188392,-0.9484601237851642,4265.608492966019,2791.0005359027114,56.477143482064704,-0.8270122356719299,3749.899680447388,2889.3610719136914,3048,68.78046231799999,1
1772005674.5396538,stop,10.0,-4.171428571428573,-0.008571428344363259,-674.5550499546218,18585.553083326016,-0.24384384384384344,-0.0014414413555248367,-127.48857666764292,8549.686228284141,555,74.614888931,1
1772005674.5398908,other,10.0,394.37074829932004,-3.4370748206060746,21917.23902850553,2734.8721855940726,192.074487895717,-1.5500930949518363,9061.369755512913,2880.0031340948926,179,68.2213041330001,1
1772005675.558832,straight,10.0,104.47123519458539,-1.1100676623496102,6369.789064723482,2819.7739507854535,62.75465203829187,-0.88495212251606,4170.889917394381,2888.8513983259127,3099,69.799748207,1
1772005675.558993,stop,10.0,-4.171428571428573,-0.008571428344363259,-674.5550499546218,18585.553083326016,-0.24384384384384344,-0.0014414413555248367,-127.48857666764292,8549.686228284141,555,74.614888931,1
1772005675.559232,other,10.0,394.37074829932004,-3.4370748206060746,21917.23902850553,2734.8721855940726,192.074487895717,-1.5500930949518363,9061.369755512913,2880.0031340948926,179,68.2213041330001,1
1772005676.578111,straight,10.0,131.82431372549027,-1.3435293969921034,8805.898712529251,2856.8293177985274,69.27216931216928,-0.9408571306612082,4733.6740460345145,2896.9893773409317,3150,70.81899735599995,1
1772005676.5782714,stop,10.0,-4.171428571428573,-0.008571428344363259,-674.5550499546218,18585.553083326016,-0.24384384384384344,-0.0014414413555248367,-127.48857666764292,8549.686228284141,555,74.614888931,1
1772005676.5785005,other,10.0,394.37074829932004,-3.4370748206060746,21917.23902850553,2734.8721855940726,192.074487895717,-1.5500930949518363,9061.369755512913,2880.0031340948926,179,68.2213041330001,1
1772005677.5784364,straight,10.0,147.00900900900905,-1.4813062911098065,9460.536123180838,2820.487649594524,72.00756859035,-0.9644276130892363,4855.895560474373,2890.734009834502,3171,71.23906181899997,1
1772005677.578594,stop,10.0,-4.171428571428573,-0.008571428344363259,-674.5550499546218,18585.553083326016,-0.24384384384384344,-0.0014414413555248367,-127.48857666764292,8549.686228284141,555,74.614888931,1
1772005677.5787354,other,10.0,343.0583333333333,-3.024166644116244,6090.940474936115,1499.570477468262,231.24358974358967,-1.9081730599013675,9031.749227483479,2601.725106705713,208,71.89911500100015,1
1772005678.597018,straight,10.0,147.00900900900905,-1.4813062911098065,9460.536123180838,2820.487649594524,72.00756859035,-0.9644276130892363,4855.895560474373,2890.734009834502,3171,71.23906181899997,1
1772005678.5971773,stop,10.0,-4.171428571428573,-0.008571428344363259,-674.5550499546218,18585.553083326016,-0.24384384384384344,-0.0014414413555248367,-127.48857666764292,8549.686228284141,555,74.614888931,1
1772005678.5974264,other,10.0,410.135531135531,-3.370329628278921,23131.49788663802,3111.333782181946,276.8288288288288,-2.2495495245877084,14439.893930514208,2950.993734651023,259,72.91791699999999,1
1772005679.5973887,straight,10.0,147.00900900900905,-1.4813062911098065,9460.536123180838,2820.487649594524,72.00756859035,-0.9644276130892363,4855.895560474373,2890.734009834502,3171,71.23906181899997,1
1772005679.5975492,stop,10.0,-4.171428571428573,-0.008571428344363259,-674.5550499546218,18585.553083326016,-0.24384384384384344,-0.0014414413555248367,-127.48857666764292,8549.686228284141,555,74.614888931,1
1772005679.5978475,other,10.0,427.6453900709219,-3.386524789863162,22280.504758156832,2851.977276512257,306.38942826321465,-2.4382955536101645,15457.985084851878,2858.5915827970425,309,73.91801489900013,1
1772005680.6160617,straight,10.0,147.00900900900905,-1.4813062911098065,9460.536123180838,2820.487649594524,72.00756859035,-0.9644276130892363,4855.895560474373,2890.734009834502,3171,71.23906181899997,1
1772005680.6162233,stop,10.0,-4.171428571428573,-0.008571428344363259,-674.5550499546218,18585.553083326016,-0.24384384384384344,-0.0014414413555248367,-127.48857666764292,8549.686228284141,555,74.614888931,1
1772005680.6165793,other,10.0,449.56272401433705,-3.351075232990323,22182.36658012079,2797.4029862702255,327.36944444444435,-2.5004629370790945,15933.766969113241,2825.2056173310243,360,74.93669842600002,1
1772005681.635283,straight,10.0,147.00900900900905,-1.4813062911098065,9460.536123180838,2820.487649594524,72.00756859035,-0.9644276130892363,4855.895560474373,2890.734009834502,3171,71.23906181899997,1
1772005681.6354449,stop,10.0,-4.171428571428573,-0.008571428344363259,-674.5550499546218,18585.553083326016,-0.24384384384384344,-0.0014414413555248367,-127.48857666764292,8549.686228284141,555,74.614888931,1
1772005681.635867,other,10.0,430.06188466947975,-3.1999999661150467,21553.37114088282,2954.772049824033,331.28710462287125,-2.518896973191096,16346.43524420323,2912.5013201975735,411,75.95608756399997,1
1772005682.6547098,straight,10.0,147.00900900900905,-1.4813062911098065,9460.536123180838,2820.487649594524,72.00756859035,-0.9644276130892363,4855.895560474373,2890.734009834502,3171,71.23906181899997,1
1772005682.654847,rotate_in_place,10.0,-4.375,-1.7999998728434246,-36.827805431831564,1213.9856062502033,-4.375,-1.7999998728434246,-36.827805431831564,1213.9856062502033,8,0.13914099900011934,0
1772005682.654978,stop,10.0,-7.75268817204301,-0.166666667948487,-1079.4525307956487,5788.41734110946,-0.31345029239766037,-0.010467836243367336,-138.30962883713042,8374.144151136486,570,83.20976155899984,1
1772005682.6554353,other,10.0,384.52578616352207,-2.9916980859618465,18969.89265471723,2890.9680675279747,310.09946848899045,-2.4365983070436523,15119.037536397189,2876.68247081508,439,76.81643788400015,1
1772005683.674512,straight,10.0,147.00900900900905,-1.4813062911098065,9460.536123180838,2820.487649594524,72.00756859035,-0.9644276130892363,4855.895560474373,2890.734009834502,3171,71.23906181899997,1
1772005683.6747246,rotate_in_place,10.0,0.5762711864406779,-1.3576270335138183,-31879.84261141721,3570.5267307675817,0.5762711864406779,-1.3576270335138183,-31879.84261141721,3570.5267307675817,59,1.1589246670000648,0
1772005683.674861,stop,10.0,-7.75268817204301,-0.166666667948487,-1079.4525307956487,5788.41734110946,-0.31345029239766037,-0.010467836243367336,-138.30962883713042,8374.144151136486,570,83.20976155899984,1
1772005683.6753383,other,10.0,384.52578616352207,-2.9916980859618465,18969.89265471723,2890.9680675279747,310.09946848899045,-2.4365983070436523,15119.037536397189,2876.68247081508,439,76.81643788400015,1
1772005684.6939971,straight,10.0,147.00900900900905,-1.4813062911098065,9460.536123180838,2820.487649594524,72.00756859035,-0.9644276130892363,4855.895560474373,2890.734009834502,3171,71.23906181899997,1
1772005684.6942887,rotate_in_place,10.0,0.7545454545454545,-1.1430302186445755,-28024.82508920949,3065.0720940836695,0.7545454545454545,-1.1430302186445755,-28024.82508920949,3065.0720940836695,110,2.1784091270001227,0
1772005684.6944246,stop,10.0,-7.75268817204301,-0.166666667948487,-1079.4525307956487,5788.41734110946,-0.31345029239766037,-0.010467836243367336,-138.30962883713042,8374.144151136486,570,83.20976155899984,1
1772005684.694911,other,10.0,384.52578616352207,-2.9916980859618465,18969.89265471723,2890.9680675279747,310.09946848899045,-2.4365983070436523,15119.037536397189,2876.68247081508,439,76.81643788400015,1
1772005685.7133725,straight,10.0,147.00900900900905,-1.4813062911098065,9460.536123180838,2820.487649594524,72.00756859035,-0.9644276130892363,4855.895560474373,2890.734009834502,3171,71.23906181899997,1
1772005685.7137473,rotate_in_place,10.0,0.18633540372670795,-0.9809522747253036,-26810.673318632136,2889.063330586629,0.18633540372670795,-0.9809522747253036,-26810.673318632136,2889.063330586629,161,3.1978172620001715,0
1772005685.7138855,stop,10.0,-7.75268817204301,-0.166666667948487,-1079.4525307956487,5788.41734110946,-0.31345029239766037,-0.010467836243367336,-138.30962883713042,8374.144151136486,570,83.20976155899984,1
1772005685.7143521,other,10.0,384.52578616352207,-2.9916980859618465,18969.89265471723,2890.9680675279747,310.09946848899045,-2.4365983070436523,15119.037536397189,2876.68247081508,439,76.81643788400015,1
1772005686.7326837,straight,10.0,147.00900900900905,-1.4813062911098065,9460.536123180838,2820.487649594524,72.00756859035,-0.9644276130892363,4855.895560474373,2890.734009834502,3171,71.23906181899997,1
1772005686.733119,rotate_in_place,10.0,0.493710691823899,-1.0095910816072666,-28636.851091109547,3056.0270280827103,0.493710691823899,-1.0095910816072666,-28636.851091109547,3056.0270280827103,212,4.217038862999971,0
1772005686.7332544,stop,10.0,-7.75268817204301,-0.166666667948487,-1079.4525307956487,5788.41734110946,-0.31345029239766037,-0.010467836243367336,-138.30962883713042,8374.144151136486,570,83.20976155899984,1
1772005686.7337658,other,10.0,384.52578616352207,-2.9916980859618465,18969.89265471723,2890.9680675279747,310.09946848899045,-2.4365983070436523,15119.037536397189,2876.68247081508,439,76.81643788400015,1
1772005687.751737,straight,10.0,147.00900900900905,-1.4813062911098065,9460.536123180838,2820.487649594524,72.00756859035,-0.9644276130892363,4855.895560474373,2890.734009834502,3171,71.23906181899997,1
1772005687.7522514,rotate_in_place,10.0,0.7097591888466409,-1.0083649034584732,-25671.51432237241,2743.4514140937604,0.7097591888466409,-1.0083649034584732,-25671.51432237241,2743.4514140937604,263,5.2361980929999845,0
1772005687.752394,stop,10.0,-7.75268817204301,-0.166666667948487,-1079.4525307956487,5788.41734110946,-0.31345029239766037,-0.010467836243367336,-138.30962883713042,8374.144151136486,570,83.20976155899984,1
1772005687.752873,other,10.0,384.52578616352207,-2.9916980859618465,18969.89265471723,2890.9680675279747,310.09946848899045,-2.4365983070436523,15119.037536397189,2876.68247081508,439,76.81643788400015,1
1772005688.7719142,straight,10.0,147.00900900900905,-1.4813062911098065,9460.536123180838,2820.487649594524,72.00756859035,-0.9644276130892363,4855.895560474373,2890.734009834502,3171,71.23906181899997,1
1772005688.7724886,rotate_in_place,10.0,0.8906581740976642,-1.0400211137824253,-27888.247805919415,2959.907556780119,0.8906581740976642,-1.0400211137824253,-27888.247805919415,2959.907556780119,314,6.256342170000153,0
1772005688.7726288,stop,10.0,-7.75268817204301,-0.166666667948487,-1079.4525307956487,5788.41734110946,-0.31345029239766037,-0.010467836243367336,-138.30962883713042,8374.144151136486,570,83.20976155899984,1
1772005688.7730834,other,10.0,384.52578616352207,-2.9916980859618465,18969.89265471723,2890.9680675279747,310.09946848899045,-2.4365983070436523,15119.037536397189,2876.68247081508,439,76.81643788400015,1
1772005689.7912333,straight,10.0,147.00900900900905,-1.4813062911098065,9460.536123180838,2820.487649594524,72.00756859035,-0.9644276130892363,4855.895560474373,2890.734009834502,3171,71.23906181899997,1
1772005689.7918897,rotate_in_place,10.0,1.0529680365296796,-1.0262099261697575,-27354.957020505684,2903.41881646053,1.0529680365296796,-1.0262099261697575,-27354.957020505684,2903.41881646053,365,7.275724726000135,0
1772005689.7920318,stop,10.0,-7.75268817204301,-0.166666667948487,-1079.4525307956487,5788.41734110946,-0.31345029239766037,-0.010467836243367336,-138.30962883713042,8374.144151136486,570,83.20976155899984,1
1772005689.7924893,other,10.0,384.52578616352207,-2.9916980859618465,18969.89265471723,2890.9680675279747,310.09946848899045,-2.4365983070436523,15119.037536397189,2876.68247081508,439,76.81643788400015,1
1772005690.8107257,straight,10.0,147.00900900900905,-1.4813062911098065,9460.536123180838,2820.487649594524,72.00756859035,-0.9644276130892363,4855.895560474373,2890.734009834502,3171,71.23906181899997,1
1772005690.8114457,rotate_in_place,10.0,1.1690705128205114,-0.9856569300859414,-26903.128349009836,2851.457724580005,1.1690705128205114,-0.9856569300859414,-26903.128349009836,2851.457724580005,416,8.295191537000164,0
1772005690.8115876,stop,10.0,-7.75268817204301,-0.166666667948487,-1079.4525307956487,5788.41734110946,-0.31345029239766037,-0.010467836243367336,-138.30962883713042,8374.144151136486,570,83.20976155899984,1
1772005690.8120513,other,10.0,384.52578616352207,-2.9916980859618465,18969.89265471723,2890.9680675279747,310.09946848899045,-2.4365983070436523,15119.037536397189,2876.68247081508,439,76.81643788400015,1
1772005691.830241,straight,10.0,147.00900900900905,-1.4813062911098065,9460.536123180838,2820.487649594524,72.00756859035,-0.9644276130892363,4855.895560474373,2890.734009834502,3171,71.23906181899997,1
1772005691.8310664,rotate_in_place,10.0,1.1349036402569577,-0.9606708237990418,-27783.17790257667,2936.2840975959193,1.1349036402569577,-0.9606708237990418,-27783.17790257667,2936.2840975959193,467,9.314626985000132,0
1772005691.8312151,stop,10.0,-7.75268817204301,-0.166666667948487,-1079.4525307956487,5788.41734110946,-0.31345029239766037,-0.010467836243367336,-138.30962883713042,8374.144151136486,570,83.20976155899984,1
1772005691.8316925,other,10.0,384.52578616352207,-2.9916980859618465,18969.89265471723,2890.9680675279747,310.09946848899045,-2.4365983070436523,15119.037536397189,2876.68247081508,439,76.81643788400015,1
1772005692.8492572,straight,10.0,147.00900900900905,-1.4813062911098065,9460.536123180838,2820.487649594524,72.00756859035,-0.9644276130892363,4855.895560474373,2890.734009834502,3171,71.23906181899997,1
1772005692.8501427,rotate_in_place,10.0,1.4018629407850953,-0.959347841030586,-27098.72757849199,2838.8461417372087,1.300514800514799,-0.9786999989660562,-26422.34151693488,2796.9348566334666,518,10.333678006000127,0
1772005692.8502896,stop,10.0,-7.75268817204301,-0.166666667948487,-1079.4525307956487,5788.41734110946,-0.31345029239766037,-0.010467836243367336,-138.30962883713042,8374.144151136486,570,83.20976155899984,1
1772005692.8507674,other,10.0,384.52578616352207,-2.9916980859618465,18969.89265471723,2890.9680675279747,310.09946848899045,-2.4365983070436523,15119.037536397189,2876.68247081508,439,76.81643788400015,1
1772005693.868595,straight,10.0,147.00900900900905,-1.4813062911098065,9460.536123180838,2820.487649594524,72.00756859035,-0.9644276130892363,4855.895560474373,2890.734009834502,3171,71.23906181899997,1
1772005693.8694987,rotate_in_place,10.0,1.1749833666001324,-0.8916831660572094,-26656.993745922646,2791.128861856193,1.1300527240773275,-0.948681769904577,-27286.059840905833,2880.9289742499086,569,11.353043047000028,0
1772005693.8696446,stop,10.0,-7.75268817204301,-0.166666667948487,-1079.4525307956487,5788.41734110946,-0.31345029239766037,-0.010467836243367336,-138.30962883713042,8374.144151136486,570,83.20976155899984,1
1772005693.8701293,other,10.0,384.52578616352207,-2.9916980859618465,18969.89265471723,2890.9680675279747,310.09946848899045,-2.4365983070436523,15119.037536397189,2876.68247081508,439,76.81643788400015,1
1772005694.8883348,straight,10.0,147.00900900900905,-1.4813062911098065,9460.536123180838,2820.487649594524,72.00756859035,-0.9644276130892363,4855.895560474373,2890.734009834502,3171,71.23906181899997,1
1772005694.8892076,rotate_in_place,10.0,1.3359946773120417,-0.8858947404923646,-27154.46017430352,2840.7157676431148,1.1419354838709666,-0.9249998738688802,-27080.096363076795,2856.889165326583,620,12.372792636999975,0
1772005694.8893745,stop,10.0,-7.75268817204301,-0.166666667948487,-1079.4525307956487,5788.41734110946,-0.31345029239766037,-0.010467836243367336,-138.30962883713042,8374.144151136486,570,83.20976155899984,1
1772005694.889839,other,10.0,384.52578616352207,-2.9916980859618465,18969.89265471723,2890.9680675279747,310.09946848899045,-2.4365983070436523,15119.037536397189,2876.68247081508,439,76.81643788400015,1
1772005695.9071105,straight,10.0,147.00900900900905,-1.4813062911098065,9460.536123180838,2820.487649594524,72.00756859035,-0.9644276130892363,4855.895560474373,2890.734009834502,3171,71.23906181899997,1
1772005695.9079487,rotate_in_place,10.0,1.4151696606786421,-0.8903524985094512,-26465.054718359243,2771.308808111787,1.1644311972180814,-0.9172875043828278,-26763.789393284747,2822.0136995169687,671,13.391515645000027,0
1772005695.9080973,stop,10.0,-7.75268817204301,-0.166666667948487,-1079.4525307956487,5788.41734110946,-0.31345029239766037,-0.010467836243367336,-138.30962883713042,8374.144151136486,570,83.20976155899984,1
1772005695.908569,other,10.0,384.52578616352207,-2.9916980859618465,18969.89265471723,2890.9680675279747,310.09946848899045,-2.4365983070436523,15119.037536397189,2876.68247081508,439,76.81643788400015,1
1772005696.9267864,straight,10.0,147.00900900900905,-1.4813062911098065,9460.536123180838,2820.487649594524,72.00756859035,-0.9644276130892363,4855.895560474373,2890.734009834502,3171,71.23906181899997,1
1772005696.927635,rotate_in_place,10.0,1.3306719893546233,-0.8750497719009008,-25749.846996675355,2809.313658748294,1.0608203677510597,-0.9132011954034626,-26627.011971344647,2885.3721549526613,707,14.111477235000166,0
1772005696.927752,stop,10.0,1.5151515151515156,-0.48181821360732563,-565.9942864070836,7982.537943285068,-0.2788296041308085,-0.019391853714974126,-146.59225424781613,8357.827225809344,581,97.72149649699986,1
1772005696.9278398,other,10.0,-9.416666666666666,-0.7166665792465211,-6990.678169675246,3970.9021363224742,307.2144469525962,-2.4210684494563193,14919.401277200146,2886.5625580882843,443,91.02780334099998,1
1772005697.9462523,straight,10.0,147.00900900900905,-1.4813062911098065,9460.536123180838,2820.487649594524,72.00756859035,-0.9644276130892363,4855.895560474373,2890.734009834502,3171,71.23906181899997,1
1772005697.9470367,rotate_in_place,10.0,0.9572463768115934,-0.7239129192587265,-25654.66437339804,2875.9280373733845,0.882513661202185,-0.8253641772357054,-25638.66889252505,2823.5354757671143,732,15.430688117000045,0
1772005697.9471824,stop,10.0,0.3333333333333335,-0.234375008692344,-182.68130408995916,5008.223594021762,-0.27906976744186,-0.022369878632681715,-140.72031408006845,8146.717086466573,602,98.14098889399997,1
1772005697.9472775,other,10.0,-9.222222222222221,-0.3185184796651205,-2971.790246693359,3067.1901740516455,303.684523809524,-2.39404759622578,14755.605728254743,2880.5096344961717,448,91.76705422100008,1
1772005698.9657245,straight,10.0,147.00900900900905,-1.4813062911098065,9460.536123180838,2820.487649594524,72.00756859035,-0.9644276130892363,4855.895560474373,2890.734009834502,3171,71.23906181899997,1
1772005698.9665043,rotate_in_place,10.0,0.6753623188405781,-0.38246365198190607,-18666.763090391676,2842.716820926245,0.7552149851000421,-0.6563642938475039,-22528.329676474226,2896.474982245957,783,16.450128826000082,0
1772005698.966651,stop,10.0,0.3333333333333335,-0.234375008692344,-182.68130408995916,5008.223594021762,-0.27906976744186,-0.022369878632681715,-140.72031408006845,8146.717086466573,602,98.14098889399997,1
1772005698.9667451,other,10.0,-9.222222222222221,-0.3185184796651205,-2971.790246693359,3067.1901740516455,303.684523809524,-2.39404759622578,14755.605728254743,2880.5096344961717,448,91.76705422100008,1
1772005699.9848094,straight,10.0,147.00900900900905,-1.4813062911098065,9460.536123180838,2820.487649594524,72.00756859035,-0.9644276130892363,4855.895560474373,2890.734009834502,3171,71.23906181899997,1
1772005699.9856117,rotate_in_place,10.0,0.1768115942028989,-0.08985495826472419,-14059.988378571787,2922.2702162156315,0.564748201438849,-0.5093124325422167,-19852.57074999611,2895.799693985812,834,17.46919042200011,0
1772005699.985761,stop,10.0,0.3333333333333335,-0.234375008692344,-182.68130408995916,5008.223594021762,-0.27906976744186,-0.022369878632681715,-140.72031408006845,8146.717086466573,602,98.14098889399997,1
1772005699.985859,other,10.0,-9.222222222222221,-0.3185184796651205,-2971.790246693359,3067.1901740516455,303.684523809524,-2.39404759622578,14755.605728254743,2880.5096344961717,448,91.76705422100008,1
1772005701.004406,straight,10.0,147.00900900900905,-1.4813062911098065,9460.536123180838,2820.487649594524,72.00756859035,-0.9644276130892363,4855.895560474373,2890.734009834502,3171,71.23906181899997,1
1772005701.0051959,rotate_in_place,10.0,-0.018840579710143964,0.1718117052230284,-6435.064184685083,3054.8271858917224,0.5389830508474577,-0.379208923508667,-16427.71953590322,2972.931752449703,885,18.488815449999947,0
1772005701.0053596,stop,10.0,0.3333333333333335,-0.234375008692344,-182.68130408995916,5008.223594021762,-0.27906976744186,-0.022369878632681715,-140.72031408006845,8146.717086466573,602,98.14098889399997,1
1772005701.0054655,other,10.0,-9.222222222222221,-0.3185184796651205,-2971.790246693359,3067.1901740516455,303.684523809524,-2.39404759622578,14755.605728254743,2880.5096344961717,448,91.76705422100008,1
1772005702.0238833,straight,10.0,147.00900900900905,-1.4813062911098065,9460.536123180838,2820.487649594524,72.00756859035,-0.9644276130892363,4855.895560474373,2890.734009834502,3171,71.23906181899997,1
1772005702.0246482,rotate_in_place,10.0,-0.3195652173913048,0.44811603383741505,-796.0787545920099,2930.6824618213004,0.4341168091168092,-0.26716513197306513,-14463.635713805008,2927.999767348743,936,19.50826194399997,0
1772005702.024801,stop,10.0,0.3333333333333335,-0.234375008692344,-182.68130408995916,5008.223594021762,-0.27906976744186,-0.022369878632681715,-140.72031408006845,8146.717086466573,602,98.14098889399997,1
1772005702.0248988,other,10.0,-9.222222222222221,-0.3185184796651205,-2971.790246693359,3067.1901740516455,303.684523809524,-2.39404759622578,14755.605728254743,2880.5096344961717,448,91.76705422100008,1
1772005703.043289,straight,10.0,147.00900900900905,-1.4813062911098065,9460.536123180838,2820.487649594524,72.00756859035,-0.9644276130892363,4855.895560474373,2890.734009834502,3171,71.23906181899997,1
1772005703.0440392,rotate_in_place,10.0,-0.6043478260869567,0.7200000813041915,3567.517755794618,3117.8290046413176,0.38736913204998324,-0.18318124889965082,-12270.86926148368,2928.49127894968,987,20.52770779499997,1
1772005703.0441837,stop,10.0,0.3333333333333335,-0.234375008692344,-182.68130408995916,5008.223594021762,-0.27906976744186,-0.022369878632681715,-140.72031408006845,8146.717086466573,602,98.14098889399997,1
1772005703.0442793,other,10.0,-9.222222222222221,-0.3185184796651205,-2971.790246693359,3067.1901740516455,303.684523809524,-2.39404759622578,14755.605728254743,2880.5096344961717,448,91.76705422100008,1
1772005704.062849,straight,10.0,147.00900900900905,-1.4813062911098065,9460.536123180838,2820.487649594524,72.00756859035,-0.9644276130892363,4855.895560474373,2890.734009834502,3171,71.23906181899997,1
1772005704.0636082,rotate_in_place,10.0,-0.7731884057971016,0.9346377671628755,11516.938195004019,3012.153947862419,0.2935131663455364,-0.10757856692116274,-10140.22730795431,2943.5268273544243,1038,21.54723982099995,1
1772005704.0637543,stop,10.0,0.3333333333333335,-0.234375008692344,-182.68130408995916,5008.223594021762,-0.27906976744186,-0.022369878632681715,-140.72031408006845,8146.717086466573,602,98.14098889399997,1
1772005704.0638514,other,10.0,-9.222222222222221,-0.3185184796651205,-2971.790246693359,3067.1901740516455,303.684523809524,-2.39404759622578,14755.605728254743,2880.5096344961717,448,91.76705422100008,1
1772005705.0821555,straight,10.0,147.00900900900905,-1.4813062911098065,9460.536123180838,2820.487649594524,72.00756859035,-0.9644276130892363,4855.895560474373,2890.734009834502,3171,71.23906181899997,1
1772005705.082901,rotate_in_place,10.0,-1.1043478260869561,1.1694928426673434,15090.85093415572,2901.5730603737875,0.1922252831343741,-0.03908773799682532,-9141.176435792591,2862.9552718947043,1089,22.566540768000095,1
1772005705.0830474,stop,10.0,0.3333333333333335,-0.234375008692344,-182.68130408995916,5008.223594021762,-0.27906976744186,-0.022369878632681715,-140.72031408006845,8146.717086466573,602,98.14098889399997,1
1772005705.0831444,other,10.0,-9.222222222222221,-0.3185184796651205,-2971.790246693359,3067.1901740516455,303.684523809524,-2.39404759622578,14755.605728254743,2880.5096344961717,448,91.76705422100008,1
1772005706.1016057,straight,10.0,147.00900900900905,-1.4813062911098065,9460.536123180838,2820.487649594524,72.00756859035,-0.9644276130892363,4855.895560474373,2890.734009834502,3171,71.23906181899997,1
1772005706.1023626,rotate_in_place,10.0,-1.3789855072463781,1.4145653028419038,22611.556640355306,3032.977605414128,0.12309941520467832,0.024210635751311837,-6925.652216882637,2922.293529183339,1140,23.586028661,1
1772005706.1025105,stop,10.0,0.3333333333333335,-0.234375008692344,-182.68130408995916,5008.223594021762,-0.27906976744186,-0.022369878632681715,-140.72031408006845,8146.717086466573,602,98.14098889399997,1
1772005706.102606,other,10.0,-9.222222222222221,-0.3185184796651205,-2971.790246693359,3067.1901740516455,303.684523809524,-2.39404759622578,14755.605728254743,2880.5096344961717,448,91.76705422100008,1
1772005707.1209931,straight,10.0,147.00900900900905,-1.4813062911098065,9460.536123180838,2820.487649594524,72.00756859035,-0.9644276130892363,4855.895560474373,2890.734009834502,3171,71.23906181899997,1
1772005707.121808,rotate_in_place,10.0,-1.3367768595041336,1.528787956585897,24753.242229809297,2896.0132512469118,0.08648194794290509,0.07917726770556369,-5747.04300966663,2889.696496351837,1191,24.605417604999957,1
1772005707.1219578,stop,10.0,0.3333333333333335,-0.234375008692344,-182.68130408995916,5008.223594021762,-0.27906976744186,-0.022369878632681715,-140.72031408006845,8146.717086466573,602,98.14098889399997,1
1772005707.1220577,other,10.0,-9.222222222222221,-0.3185184796651205,-2971.790246693359,3067.1901740516455,303.684523809524,-2.39404759622578,14755.605728254743,2880.5096344961717,448,91.76705422100008,1
1772005708.1403317,straight,10.0,147.00900900900905,-1.4813062911098065,9460.536123180838,2820.487649594524,72.00756859035,-0.9644276130892363,4855.895560474373,2890.734009834502,3171,71.23906181899997,1
1772005708.1411483,rotate_in_place,10.0,-1.1516966067864263,1.5491684090670796,26628.875486669043,3025.6918770751895,0.06816961889425653,0.14702103826478832,-4344.382875280209,2891.543086814566,1242,25.624726065000004,1
1772005708.1412978,stop,10.0,0.3333333333333335,-0.234375008692344,-182.68130408995916,5008.223594021762,-0.27906976744186,-0.022369878632681715,-140.72031408006845,8146.717086466573,602,98.14098889399997,1
1772005708.14142,other,10.0,-9.222222222222221,-0.3185184796651205,-2971.790246693359,3067.1901740516455,303.684523809524,-2.39404759622578,14755.605728254743,2880.5096344961717,448,91.76705422100008,1
1772005709.1595976,straight,10.0,147.00900900900905,-1.4813062911098065,9460.536123180838,2820.487649594524,72.00756859035,-0.9644276130892363,4855.895560474373,2890.734009834502,3171,71.23906181899997,1
1772005709.160411,rotate_in_place,10.0,-1.043912175648702,1.492614855864649,27162.97522385645,2894.3416707579718,0.01237432327919564,0.19322000658675034,-2949.6047790142957,2904.611360086714,1293,26.64389992800011,1
1772005709.160558,stop,10.0,0.3333333333333335,-0.234375008692344,-182.68130408995916,5008.223594021762,-0.27906976744186,-0.022369878632681715,-140.72031408006845,8146.717086466573,602,98.14098889399997,1
1772005709.1606562,other,10.0,-9.222222222222221,-0.3185184796651205,-2971.790246693359,3067.1901740516455,303.684523809524,-2.39404759622578,14755.605728254743,2880.5096344961717,448,91.76705422100008,1
1772005710.1796062,straight,10.0,147.00900900900905,-1.4813062911098065,9460.536123180838,2820.487649594524,72.00756859035,-0.9644276130892363,4855.895560474373,2890.734009834502,3171,71.23906181899997,1
1772005710.180419,rotate_in_place,10.0,-1.0771789753825673,1.4844977581255154,25851.8526155241,2725.1229786219615,-0.04489087301587303,0.2463294710550048,-2358.9769953335613,2846.5746313406403,1344,27.66398990100015,1
1772005710.180567,stop,10.0,0.3333333333333335,-0.234375008692344,-182.68130408995916,5008.223594021762,-0.27906976744186,-0.022369878632681715,-140.72031408006845,8146.717086466573,602,98.14098889399997,1
1772005710.1806626,other,10.0,-9.222222222222221,-0.3185184796651205,-2971.790246693359,3067.1901740516455,303.684523809524,-2.39404759622578,14755.605728254743,2880.5096344961717,448,91.76705422100008,1
1772005711.199146,straight,10.0,147.00900900900905,-1.4813062911098065,9460.536123180838,2820.487649594524,72.00756859035,-0.9644276130892363,4855.895560474373,2890.734009834502,3171,71.23906181899997,1
1772005711.1999595,rotate_in_place,10.0,-1.1616766467065858,1.4558883033747374,26451.181262905677,2771.244028100031,-0.08387096774193553,0.2986380943403168,-746.0386097140488,2900.3444855636185,1395,28.68349503000013,1
1772005711.2001092,stop,10.0,0.3333333333333335,-0.234375008692344,-182.68130408995916,5008.223594021762,-0.27906976744186,-0.022369878632681715,-140.72031408006845,8146.717086466573,602,98.14098889399997,1
1772005711.2002056,other,10.0,-9.222222222222221,-0.3185184796651205,-2971.790246693359,3067.1901740516455,303.684523809524,-2.39404759622578,14755.605728254743,2880.5096344961717,448,91.76705422100008,1
1772005712.2185438,straight,10.0,147.00900900900905,-1.4813062911098065,9460.536123180838,2820.487649594524,72.00756859035,-0.9644276130892363,4855.895560474373,2890.734009834502,3171,71.23906181899997,1
1772005712.2193544,rotate_in_place,10.0,-1.3799068529607463,1.4292748712018086,26944.8550962864,2821.5068113774178,-0.19686491470723846,0.3347626651910775,22.195591555160956,2878.72701466743,1446,29.702865496999948,1
1772005712.219508,stop,10.0,0.3333333333333335,-0.234375008692344,-182.68130408995916,5008.223594021762,-0.27906976744186,-0.022369878632681715,-140.72031408006845,8146.717086466573,602,98.14098889399997,1
1772005712.2196054,other,10.0,-9.222222222222221,-0.3185184796651205,-2971.790246693359,3067.1901740516455,303.684523809524,-2.39404759622578,14755.605728254743,2880.5096344961717,448,91.76705422100008,1
1772005713.2372966,straight,10.0,147.00900900900905,-1.4813062911098065,9460.536123180838,2820.487649594524,72.00756859035,-0.9644276130892363,4855.895560474373,2890.734009834502,3171,71.23906181899997,1
1772005713.2381642,rotate_in_place,10.0,-1.192282102461745,1.3681304941792816,26323.684755493578,2762.9501470759665,-0.17597638510445057,0.33546785789657846,126.30691880493919,2849.869189131925,1468,30.142531986999984,1
1772005713.2383049,stop,10.0,1.2345679012345678,0.10617284274395598,548.3495884624533,56898.82655251234,-0.21409644939056666,-0.01685214655451126,-110.51757484525015,10646.825264212512,629,114.03186996999989,1
1772005713.2383935,other,10.0,12.5,-0.46666669845581055,5675.05327952351,7728.353301628188,302.3903703703706,-2.385481458902358,14715.247717371492,2902.0556063500917,450,107.01866978099997,1
1772005714.256924,straight,10.0,147.00900900900905,-1.4813062911098065,9460.536123180838,2820.487649594524,72.00756859035,-0.9644276130892363,4855.895560474373,2890.734009834502,3171,71.23906181899997,1
1772005714.2577896,rotate_in_place,10.0,-1.192282102461745,1.3681304941792816,26323.684755493578,2762.9501470759665,-0.17597638510445057,0.33546785789657846,126.30691880493919,2849.869189131925,1468,30.142531986999984,1
1772005714.2580018,stop,10.0,0.42307692307692296,0.03675213787290784,166.74536551854732,56898.82655251234,-0.19852941176470554,-0.015588235562922917,-104.76480732041027,10646.825264212512,680,115.05143893199988,1
1772005714.2580903,other,10.0,12.5,-0.46666669845581055,5675.05327952351,7728.353301628188,302.3903703703706,-2.385481458902358,14715.247717371492,2902.0556063500917,450,107.01866978099997,1
1772005715.2760534,straight,10.0,147.00900900900905,-1.4813062911098065,9460.536123180838,2820.487649594524,72.00756859035,-0.9644276130892363,4855.895560474373,2890.734009834502,3171,71.23906181899997,1
1772005715.2768753,rotate_in_place,10.0,-1.192282102461745,1.3681304941792816,26323.684755493578,2762.9501470759665,-0.17597638510445057,0.33546785789657846,126.30691880493919,2849.869189131925,1468,30.142531986999984,1
1772005715.2771533,stop,10.0,0.1834625322997417,0.022222222899897764,95.00672663194896,56898.82655251234,-0.19744642042863655,-0.014500684244579457,-98.3682413059038,10646.825264212512,731,116.07056426700001,1
1772005715.277241,other,10.0,12.5,-0.46666669845581055,5675.05327952351,7728.353301628188,302.3903703703706,-2.385481458902358,14715.247717371492,2902.0556063500917,450,107.01866978099997,1
1772005716.2955112,straight,10.0,147.00900900900905,-1.4813062911098065,9460.536123180838,2820.487649594524,72.00756859035,-0.9644276130892363,4855.895560474373,2890.734009834502,3171,71.23906181899997,1
1772005716.2963321,rotate_in_place,10.0,-1.192282102461745,1.3681304941792816,26323.684755493578,2762.9501470759665,-0.17597638510445057,0.33546785789657846,126.30691880493919,2849.869189131925,1468,30.142531986999984,1
1772005716.296673,stop,10.0,0.07777777777777793,0.015925926411593398,53.631001762966235,56898.82655251234,-0.19693094629156024,-0.013554987446019929,-95.22845861615924,10646.825264212512,782,117.09001085399996,1
1772005716.296763,other,10.0,12.5,-0.46666669845581055,5675.05327952351,7728.353301628188,302.3903703703706,-2.385481458902358,14715.247717371492,2902.0556063500917,450,107.01866978099997,1
1772005717.3150065,straight,10.0,147.00900900900905,-1.4813062911098065,9460.536123180838,2820.487649594524,72.00756859035,-0.9644276130892363,4855.895560474373,2890.734009834502,3171,71.23906181899997,1
1772005717.3158612,rotate_in_place,10.0,-1.192282102461745,1.3681304941792816,26323.684755493578,2762.9501470759665,-0.17597638510445057,0.33546785789657846,126.30691880493919,2849.869189131925,1468,30.142531986999984,1
1772005717.316264,stop,10.0,0.02453102453102464,0.012409812788254596,35.396788551289525,56898.82655251234,-0.19487795118047252,-0.01272509025544728,-91.10683760708848,10646.825264212512,833,118.1095522239998,1
1772005717.3163543,other,10.0,12.5,-0.46666669845581055,5675.05327952351,7728.353301628188,302.3903703703706,-2.385481458902358,14715.247717371492,2902.0556063500917,450,107.01866978099997,1
1772005718.3349004,straight,10.0,147.00900900900905,-1.4813062911098065,9460.536123180838,2820.487649594524,72.00756859035,-0.9644276130892363,4855.895560474373,2890.734009834502,3171,71.23906181899997,1
1772005718.3357213,rotate_in_place,10.0,-1.192282102461745,1.3681304941792816,26323.684755493578,2762.9501470759665,-0.17597638510445057,0.33546785789657846,126.30691880493919,2849.869189131925,1468,30.142531986999984,1
1772005718.3361955,stop,10.0,-0.004728132387706763,0.010165484943570254,24.03464511843719,56898.82655251234,-0.19155354449472148,-0.011990950433017629,-87.37829514323894,10646.825264212512,884,119.12944924699991,1
1772005718.336285,other,10.0,12.5,-0.46666669845581055,5675.05327952351,7728.353301628188,302.3903703703706,-2.385481458902358,14715.247717371492,2902.0556063500917,450,107.01866978099997,1
1772005719.3543124,straight,10.0,147.00900900900905,-1.4813062911098065,9460.536123180838,2820.487649594524,72.00756859035,-0.9644276130892363,4855.895560474373,2890.734009834502,3171,71.23906181899997,1
1772005719.3551795,rotate_in_place,10.0,-1.192282102461745,1.3681304941792816,26323.684755493578,2762.9501470759665,-0.17597638510445057,0.33546785789657846,126.30691880493919,2849.869189131925,1468,30.142531986999984,1
1772005719.355856,stop,10.0,-0.004004004004003925,0.008608608871131566,19.90283587947834,56898.82655251234,-0.18110516934046395,-0.011336898591216667,-82.7078315024882,10646.825264212512,935,120.14844823399994,1
1772005719.3559563,other,10.0,12.5,-0.46666669845581055,5675.05327952351,7728.353301628188,302.3903703703706,-2.385481458902358,14715.247717371492,2902.0556063500917,450,107.01866978099997,1
1772005720.3734436,straight,10.0,147.00900900900905,-1.4813062911098065,9460.536123180838,2820.487649594524,72.00756859035,-0.9644276130892363,4855.895560474373,2890.734009834502,3171,71.23906181899997,1
1772005720.3742778,rotate_in_place,10.0,-1.192282102461745,1.3681304941792816,26323.684755493578,2762.9501470759665,-0.17597638510445057,0.33546785789657846,126.30691880493919,2849.869189131925,1468,30.142531986999984,1
1772005720.374874,stop,10.0,-0.003472222222222154,0.007465278005434405,17.259490489235123,56898.82655251234,-0.17173766058147444,-0.010750507284774426,-78.37268308868872,10646.825264212512,986,121.16795695699989,1
1772005720.3749692,other,10.0,12.5,-0.46666669845581055,5675.05327952351,7728.353301628188,302.3903703703706,-2.385481458902358,14715.247717371492,2902.0556063500917,450,107.01866978099997,1
1772005721.3928714,straight,10.0,147.00900900900905,-1.4813062911098065,9460.536123180838,2820.487649594524,72.00756859035,-0.9644276130892363,4855.895560474373,2890.734009834502,3171,71.23906181899997,1
1772005721.3937163,rotate_in_place,10.0,-1.192282102461745,1.3681304941792816,26323.684755493578,2762.9501470759665,-0.17597638510445057,0.33546785789657846,126.30691880493919,2849.869189131925,1468,30.142531986999984,1
1772005721.394367,stop,10.0,-0.0030651340996167976,0.006590038515142096,15.235964018083418,56898.82655251234,-0.16329154612664784,-0.010221793811752733,-74.46935609892004,10646.825264212512,1037,122.18741559599994,1
1772005721.3944595,other,10.0,12.5,-0.46666669845581055,5675.05327952351,7728.353301628188,302.3903703703706,-2.385481458902358,14715.247717371492,2902.0556063500917,450,107.01866978099997,1
1772005722.4120226,straight,10.0,147.00900900900905,-1.4813062911098065,9460.536123180838,2820.487649594524,72.00756859035,-0.9644276130892363,4855.895560474373,2890.734009834502,3171,71.23906181899997,1
1772005722.412833,rotate_in_place,10.0,-1.192282102461745,1.3681304941792816,26323.684755493578,2762.9501470759665,-0.17597638510445057,0.33546785789657846,126.30691880493919,2849.869189131925,1468,30.142531986999984,1
1772005722.4135532,stop,10.0,-0.0027434842249656525,0.00589849126355311,13.637128287790713,56898.82655251234,-0.1556372549019612,-0.009742647226826823,-70.93639129794802,10646.825264212512,1088,123.20686856799989,1
1772005722.4136522,other,10.0,12.5,-0.46666669845581055,5675.05327952351,7728.353301628188,302.3903703703706,-2.385481458902358,14715.247717371492,2902.0556063500917,450,107.01866978099997,1
1772005723.4320328,straight,10.0,147.00900900900905,-1.4813062911098065,9460.536123180838,2820.487649594524,72.00756859035,-0.9644276130892363,4855.895560474373,2890.734009834502,3171,71.23906181899997,1
1772005723.4328701,rotate_in_place,10.0,-1.192282102461745,1.3681304941792816,26323.684755493578,2762.9501470759665,-0.17597638510445057,0.33546785789657846,126.30691880493919,2849.869189131925,1468,30.142531986999984,1
1772005723.4336324,stop,10.0,-0.07119095143047238,0.0,-15.823212925321782,nan,-0.14866842259291818,-0.009306409291297264,-67.72346416100721,10646.825264212512,1139,124.22657779999986,1
1772005723.4337306,other,10.0,12.5,-0.46666669845581055,5675.05327952351,7728.353301628188,302.3903703703706,-2.385481458902358,14715.247717371492,2902.0556063500917,450,107.01866978099997,1
1772005724.4512894,straight,10.0,147.00900900900905,-1.4813062911098065,9460.536123180838,2820.487649594524,72.00756859035,-0.9644276130892363,4855.895560474373,2890.734009834502,3171,71.23906181899997,1
1772005724.452115,rotate_in_place,10.0,-1.192282102461745,1.3681304941792816,26323.684755493578,2762.9501470759665,-0.17597638510445057,0.33546785789657846,126.30691880493919,2849.869189131925,1468,30.142531986999984,1
1772005724.4528537,stop,10.0,-0.0652029274783765,0.0,-12.23200064564554,nan,-0.14229691876750739,-0.008907563178813095,-64.78897251087011,10646.825264212512,1190,125.24587844499979,1
1772005724.4529476,other,10.0,12.5,-0.46666669845581055,5675.05327952351,7728.353301628188,302.3903703703706,-2.385481458902358,14715.247717371492,2902.0556063500917,450,107.01866978099997,1
1772005725.4704409,straight,10.0,147.00900900900905,-1.4813062911098065,9460.536123180838,2820.487649594524,72.00756859035,-0.9644276130892363,4855.895560474373,2890.734009834502,3171,71.23906181899997,1
1772005725.4712696,rotate_in_place,10.0,-1.192282102461745,1.3681304941792816,26323.684755493578,2762.9501470759665,-0.17597638510445057,0.33546785789657846,126.30691880493919,2849.869189131925,1468,30.142531986999984,1
1772005725.472016,stop,10.0,-0.05056553559547566,0.0,-10.18506907643909,nan,-0.13644910018802078,-0.0085414989385879,-62.09822528118414,10646.825264212512,1241,126.26507566099986,1
1772005725.4721105,other,10.0,12.5,-0.46666669845581055,5675.05327952351,7728.353301628188,302.3903703703706,-2.385481458902358,14715.247717371492,2902.0556063500917,450,107.01866978099997,1
1772005726.4899647,straight,10.0,147.00900900900905,-1.4813062911098065,9460.536123180838,2820.487649594524,72.00756859035,-0.9644276130892363,4855.895560474373,2890.734009834502,3171,71.23906181899997,1
1772005726.4908042,rotate_in_place,10.0,-1.192282102461745,1.3681304941792816,26323.684755493578,2762.9501470759665,-0.17597638510445057,0.33546785789657846,126.30691880493919,2849.869189131925,1468,30.142531986999984,1
1772005726.4915497,stop,10.0,-0.023952095808383242,0.0,-5.341523734558619,nan,-0.13106295149638839,-0.008204334506801535,-59.62206461711816,10646.825264212512,1292,127.28457953799989,1
1772005726.4916449,other,10.0,12.5,-0.46666669845581055,5675.05327952351,7728.353301628188,302.3903703703706,-2.385481458902358,14715.247717371492,2902.0556063500917,450,107.01866978099997,1
1772005727.5096924,straight,10.0,147.00900900900905,-1.4813062911098065,9460.536123180838,2820.487649594524,72.00756859035,-0.9644276130892363,4855.895560474373,2890.734009834502,3171,71.23906181899997,1
1772005727.5105145,rotate_in_place,10.0,-1.192282102461745,1.3681304941792816,26323.684755493578,2762.9501470759665,-0.17597638510445057,0.33546785789657846,126.30691880493919,2849.869189131925,1468,30.142531986999984,1
1772005727.5112517,stop,10.0,-0.013306719893546237,0.0,-2.9931272285736994,nan,-0.1260858773889306,-0.007892777500214136,-57.335804996461746,10646.825264212512,1343,128.3043072879998,1
1772005727.5113459,other,10.0,12.5,-0.46666669845581055,5675.05327952351,7728.353301628188,302.3903703703706,-2.385481458902358,14715.247717371492,2902.0556063500917,450,107.01866978099997,1
1772005728.5285258,straight,10.0,147.00900900900905,-1.4813062911098065,9460.536123180838,2820.487649594524,72.00756859035,-0.9644276130892363,4855.895560474373,2890.734009834502,3171,71.23906181899997,1
1772005728.5294292,rotate_in_place,10.0,-1.192282102461745,1.3681304941792816,26323.684755493578,2762.9501470759665,-0.17597638510445057,0.33546785789657846,126.30691880493919,2849.869189131925,1468,30.142531986999984,1
1772005728.5301855,stop,10.0,0.0,0.0,-0.1489856045575629,nan,-0.12147297943567704,-0.007604017347767277,-55.218407418750274,10646.825264212512,1394,129.32315453899992,1
1772005728.5302794,other,10.0,12.5,-0.46666669845581055,5675.05327952351,7728.353301628188,302.3903703703706,-2.385481458902358,14715.247717371492,2902.0556063500917,450,107.01866978099997,1
1772005729.5477188,straight,10.0,147.00900900900905,-1.4813062911098065,9460.536123180838,2820.487649594524,72.00756859035,-0.9644276130892363,4855.895560474373,2890.734009834502,3171,71.23906181899997,1
1772005729.5485408,rotate_in_place,10.0,-1.192282102461745,1.3681304941792816,26323.684755493578,2762.9501470759665,-0.17597638510445057,0.33546785789657846,126.30691880493919,2849.869189131925,1468,30.142531986999984,1
1772005729.5492902,stop,10.0,0.0,0.0,0.0,nan,-0.1171856978085355,-0.007335640264904902,-53.251830059562934,10646.825264212512,1445,130.34233804999985,1
1772005729.5494025,other,10.0,12.5,-0.46666669845581055,5675.05327952351,7728.353301628188,302.3903703703706,-2.385481458902358,14715.247717371492,2902.0556063500917,450,107.01866978099997,1
1772005730.5478675,straight,10.0,147.00900900900905,-1.4813062911098065,9460.536123180838,2820.487649594524,72.00756859035,-0.9644276130892363,4855.895560474373,2890.734009834502,3171,71.23906181899997,1
1772005730.5487115,rotate_in_place,10.0,-1.192282102461745,1.3681304941792816,26323.684755493578,2762.9501470759665,-0.17597638510445057,0.33546785789657846,126.30691880493919,2849.869189131925,1468,30.142531986999984,1
1772005730.54953,stop,10.0,0.0,0.0,0.0,nan,-0.11326644370122663,-0.007090301125610424,-51.45520961220926,10646.825264212512,1495,131.34247742499997,1
1772005730.549622,other,10.0,12.5,-0.46666669845581055,5675.05327952351,7728.353301628188,302.3903703703706,-2.385481458902358,14715.247717371492,2902.0556063500917,450,107.01866978099997,1
1772005731.5670512,straight,10.0,147.00900900900905,-1.4813062911098065,9460.536123180838,2820.487649594524,72.00756859035,-0.9644276130892363,4855.895560474373,2890.734009834502,3171,71.23906181899997,1
1772005731.567912,rotate_in_place,10.0,-1.192282102461745,1.3681304941792816,26323.684755493578,2762.9501470759665,-0.17597638510445057,0.33546785789657846,126.30691880493919,2849.869189131925,1468,30.142531986999984,1
1772005731.568672,stop,10.0,0.0,0.0,0.0,nan,-0.10952996981457555,-0.00685640374048356,-49.74339246268371,10646.825264212512,1546,132.3616699879999,1
1772005731.5687594,other,10.0,12.5,-0.46666669845581055,5675.05327952351,7728.353301628188,302.3903703703706,-2.385481458902358,14715.247717371492,2902.0556063500917,450,107.01866978099997,1
1772005732.5866854,straight,10.0,147.00900900900905,-1.4813062911098065,9460.536123180838,2820.487649594524,72.00756859035,-0.9644276130892363,4855.895560474373,2890.734009834502,3171,71.23906181899997,1
1772005732.587539,rotate_in_place,10.0,-1.192282102461745,1.3681304941792816,26323.684755493578,2762.9501470759665,-0.17597638510445057,0.33546785789657846,126.30691880493919,2849.869189131925,1468,30.142531986999984,1
1772005732.5882826,stop,10.0,0.0,0.0,0.0,nan,-0.10603214360258847,-0.006637445324225162,-48.141805962938214,10646.825264212512,1597,133.38130338899987,1
1772005732.5883682,other,10.0,12.5,-0.46666669845581055,5675.05327952351,7728.353301628188,302.3903703703706,-2.385481458902358,14715.247717371492,2902.0556063500917,450,107.01866978099997,1
1772005733.605765,straight,10.0,147.00900900900905,-1.4813062911098065,9460.536123180838,2820.487649594524,72.00756859035,-0.9644276130892363,4855.895560474373,2890.734009834502,3171,71.23906181899997,1
1772005733.6066399,rotate_in_place,10.0,-1.192282102461745,1.3681304941792816,26323.684755493578,2762.9501470759665,-0.17597638510445057,0.33546785789657846,126.30691880493919,2849.869189131925,1468,30.142531986999984,1
1772005733.60739,stop,10.0,0.0,0.0,0.0,nan,-0.10275080906148895,-0.006432038945866253,-46.64013495125023,10646.825264212512,1648,134.40039133799996,1
1772005733.6074767,other,10.0,12.5,-0.46666669845581055,5675.05327952351,7728.353301628188,302.3903703703706,-2.385481458902358,14715.247717371492,2902.0556063500917,450,107.01866978099997,1
1772005734.6247756,straight,10.0,147.00900900900905,-1.4813062911098065,9460.536123180838,2820.487649594524,72.00756859035,-0.9644276130892363,4855.895560474373,2890.734009834502,3171,71.23906181899997,1
1772005734.625626,rotate_in_place,10.0,-1.192282102461745,1.3681304941792816,26323.684755493578,2762.9501470759665,-0.17597638510445057,0.33546785789657846,126.30691880493919,2849.869189131925,1468,30.142531986999984,1
1772005734.6263876,stop,10.0,0.0,0.0,0.0,nan,-0.09966647047282742,-0.006238964204112763,-45.2293123637569,10646.825264212512,1699,135.41943736299982,1
1772005734.6264775,other,10.0,12.5,-0.46666669845581055,5675.05327952351,7728.353301628188,302.3903703703706,-2.385481458902358,14715.247717371492,2902.0556063500917,450,107.01866978099997,1
1772005735.644477,straight,10.0,147.00900900900905,-1.4813062911098065,9460.536123180838,2820.487649594524,72.00756859035,-0.9644276130892363,4855.895560474373,2890.734009834502,3171,71.23906181899997,1
1772005735.6453037,rotate_in_place,10.0,-1.192282102461745,1.3681304941792816,26323.684755493578,2762.9501470759665,-0.17597638510445057,0.33546785789657846,126.30691880493919,2849.869189131925,1468,30.142531986999984,1
1772005735.646085,stop,10.0,0.0,0.0,0.0,nan,-0.09676190476190502,-0.006057142961592905,-43.9013360076535,10646.825264212512,1750,136.43907050099983,1
1772005735.6461704,other,10.0,12.5,-0.46666669845581055,5675.05327952351,7728.353301628188,302.3903703703706,-2.385481458902358,14715.247717371492,2902.0556063500917,450,107.01866978099997,1
1772005736.6641917,straight,10.0,147.00900900900905,-1.4813062911098065,9460.536123180838,2820.487649594524,72.00756859035,-0.9644276130892363,4855.895560474373,2890.734009834502,3171,71.23906181899997,1
1772005736.665032,rotate_in_place,10.0,-1.192282102461745,1.3681304941792816,26323.684755493578,2762.9501470759665,-0.17597638510445057,0.33546785789657846,126.30691880493919,2849.869189131925,1468,30.142531986999984,1
1772005736.6658418,stop,10.0,0.0,0.0,0.0,nan,-0.09402183971867507,-0.005885619201991995,-42.649116691998955,10646.825264212512,1801,137.4588346789999,1
1772005736.665931,other,10.0,12.5,-0.46666669845581055,5675.05327952351,7728.353301628188,302.3903703703706,-2.385481458902358,14715.247717371492,2902.0556063500917,450,107.01866978099997,1
1772005737.6836848,straight,10.0,147.00900900900905,-1.4813062911098065,9460.536123180838,2820.487649594524,72.00756859035,-0.9644276130892363,4855.895560474373,2890.734009834502,3171,71.23906181899997,1
1772005737.684514,rotate_in_place,10.0,-1.192282102461745,1.3681304941792816,26323.684755493578,2762.9501470759665,-0.17597638510445057,0.33546785789657846,126.30691880493919,2849.869189131925,1468,30.142531986999984,1
1772005737.6852717,stop,10.0,0.0,0.0,0.0,nan,-0.09143268538516944,-0.005723542215328069,-41.46635162876244,10646.825264212512,1852,138.478352547,1
1772005737.6853786,other,10.0,12.5,-0.46666669845581055,5675.05327952351,7728.353301628188,302.3903703703706,-2.385481458902358,14715.247717371492,2902.0556063500917,450,107.01866978099997,1
1772005738.7031066,straight,10.0,147.00900900900905,-1.4813062911098065,9460.536123180838,2820.487649594524,72.00756859035,-0.9644276130892363,4855.895560474373,2890.734009834502,3171,71.23906181899997,1
1772005738.7039344,rotate_in_place,10.0,-1.192282102461745,1.3681304941792816,26323.684755493578,2762.9501470759665,-0.17597638510445057,0.33546785789657846,126.30691880493919,2849.869189131925,1468,30.142531986999984,1
1772005738.704686,stop,10.0,0.0,0.0,0.0,nan,-0.08898230863548807,-0.005570152487013969,-40.34741833084345,10646.825264212512,1903,139.49776964199987,1
1772005738.7047687,other,10.0,12.5,-0.46666669845581055,5675.05327952351,7728.353301628188,302.3903703703706,-2.385481458902358,14715.247717371492,2902.0556063500917,450,107.01866978099997,1
1772005739.722622,straight,10.0,147.00900900900905,-1.4813062911098065,9460.536123180838,2820.487649594524,72.00756859035,-0.9644276130892363,4855.895560474373,2890.734009834502,3171,71.23906181899997,1
1772005739.723485,rotate_in_place,10.0,-1.192282102461745,1.3681304941792816,26323.684755493578,2762.9501470759665,-0.17597638510445057,0.33546785789657846,126.30691880493919,2849.869189131925,1468,30.142531986999984,1
1772005739.7242327,stop,10.0,0.0,0.0,0.0,nan,-0.08665984305697738,-0.005424769796718313,-39.287285237142775,10646.825264212512,1954,140.517239089,1
1772005739.7243152,other,10.0,12.5,-0.46666669845581055,5675.05327952351,7728.353301628188,302.3903703703706,-2.385481458902358,14715.247717371492,2902.0556063500917,450,107.01866978099997,1
1772005740.7420754,straight,10.0,147.00900900900905,-1.4813062911098065,9460.536123180838,2820.487649594524,72.00756859035,-0.9644276130892363,4855.895560474373,2890.734009834502,3171,71.23906181899997,1
1772005740.7429132,rotate_in_place,10.0,-1.192282102461745,1.3681304941792816,26323.684755493578,2762.9501470759665,-0.17597638510445057,0.33546785789657846,126.30691880493919,2849.869189131925,1468,30.142531986999984,1
1772005740.7436616,stop,10.0,0.0,0.0,0.0,nan,-0.08445552784704928,-0.005286783133559892,-38.28143606691472,10646.825264212512,2005,141.53658094599996,1
1772005740.743746,other,10.0,12.5,-0.46666669845581055,5675.05327952351,7728.353301628188,302.3903703703706,-2.385481458902358,14715.247717371492,2902.0556063500917,450,107.01866978099997,1
1772005741.761088,straight,10.0,147.00900900900905,-1.4813062911098065,9460.536123180838,2820.487649594524,72.00756859035,-0.9644276130892363,4855.895560474373,2890.734009834502,3171,71.23906181899997,1
1772005741.761945,rotate_in_place,10.0,-1.192282102461745,1.3681304941792816,26323.684755493578,2762.9501470759665,-0.17597638510445057,0.33546785789657846,126.30691880493919,2849.869189131925,1468,30.142531986999984,1
1772005741.7626967,stop,10.0,0.0,0.0,0.0,nan,-0.08236057068741916,-0.0051556421122507705,-37.32580550430452,10646.825264212512,2056,142.55563652399996,1
1772005741.7627845,other,10.0,12.5,-0.46666669845581055,5675.05327952351,7728.353301628188,302.3903703703706,-2.385481458902358,14715.247717371492,2902.0556063500917,450,107.01866978099997,1
